,# of Overlap Pathways,Family
0,10939,"C17H21O9, C18H21O11"
1,9156,"C18H19O10, C19H19O12"
2,388,"C16H13O9, C17H17O10, C18H17O12"
3,407,"C16H13O9, C16H15O10, C17H15O12"
4,858,"C16H13O9, C17H13O11, C17H15O12"
5,30468,"C19H19O10, C20H19O12"
6,7394,"C19H17O10, C20H17O12"
7,3613,"C17H17O11, C18H17O13"
8,1517,"C15H13O10, C16H13O12"
9,986,"C15H13O10, C15H15O11"
10,8834,"C19H21O9, C19H23O10"
11,1882,"C19H21O9, C20H21O11"
12,1818,"C19H15O12, C19H17O13"
13,12440,"C17H17O10, C18H21O11"
14,5700,"C18H19O11, C18H21O12"
15,26716,"C16H17O10, C17H17O12"
16,12114,"C18H15O11, C19H15O13"
17,6525,"C17H17O10, C17H19O11"
18,2266,"C18H19O9, C19H19O11, C19H21O12"
19,2191,"C18H19O9, C19H23O10"
20,1628,"C18H19O9, C18H21O10, C19H21O12"
21,1888,"C18H19O9, C18H21O10, C18H23O11"
22,636,"C17H13O10, C17H15O11"
23,4255,"C17H13O10, C18H17O11"
24,44,"C19H13O11, C20H13O13"
25,15943,"C19H23O10, C20H23O12"
26,420,"C16H13O12, C16H15O13"
27,10478,"C18H19O10, C18H21O11"
28,21239,"C18H17O10, C18H19O11"
29,7716,"C18H17O11, C19H21O12"
30,4013,"C17H15O10, C17H17O11"
31,10660,"C17H15O10, C18H15O12"
32,8983,"C17H15O10, C18H19O11"
33,30387,"C19H21O10, C20H21O12"
34,1175,"C13H13O8, C14H13O10"
35,364,"C20H19O10, C20H21O11"
36,1991,"C20H19O10, C21H19O12"
37,4482,"C16H17O9, C17H17O11"
38,8561,"C17H17O10, C18H17O12"
39,15054,"C18H21O10, C18H23O11"
40,2823,"C19H21O9, C19H23O10, C20H23O12"
41,563,"C19H21O9, C19H23O10, C19H25O11"
42,765,"C19H21O9, C20H21O11, C20H23O12"
43,8535,"C18H21O9, C19H21O11"
44,2625,"C16H15O10, C17H15O12"
45,11134,"C18H17O11, C19H17O13"
46,1772,"C19H27O10, C20H27O12"
47,7161,"C17H19O10, C18H19O12"
48,536,"C17H19O10, C17H21O11"
49,8670,"C20H23O9, C21H23O11"
50,706,"C19H13O12, C20H17O13"
51,1482,"C19H13O12, C19H15O13"
52,520,"C18H17O9, C19H21O10"
53,442,"C18H17O9, C19H17O11"
54,1950,"C16H19O8, C17H19O10"
55,664,"C16H19O8, C16H21O9"
56,893,"C18H19O9, C19H19O11, C20H19O13"
57,623,"C19H23O8, C19H25O9, C19H27O10"
58,3249,"C17H17O9, C18H17O11"
59,2812,"C17H13O10, C18H13O12"
60,3302,"C15H15O9, C16H15O11"
61,1333,"C19H25O9, C19H27O10"
62,1082,"C17H19O9, C18H19O11, C18H21O12"
63,763,"C15H13O10, C16H13O12, C16H15O13"
64,800,"C16H17O10, C16H19O11"
65,2547,"C16H17O9, C16H19O10"
66,1584,"C19H21O12, C19H23O13"
67,285,"C19H23O10, C19H25O11, C20H25O13"
68,6951,"C17H19O9, C18H19O11"
69,2293,"C17H15O10, C18H15O12, C18H17O13"
70,495,"C19H17O9, C19H19O10, C20H19O12"
71,2166,"C20H21O12, C20H23O13"
72,2001,"C17H19O11, C18H19O13"
73,5584,"C17H19O11, C17H21O12"
74,1534,"C13H15O8, C14H15O10"
75,2636,"C19H17O11, C19H19O12"
76,5250,"C17H17O11, C17H19O12"
77,3692,"C19H17O11, C20H17O13"
78,1013,"C17H11O11, C17H13O12"
79,1439,"C15H19O8, C16H19O10, C17H19O12"
80,2554,"C16H15O9, C17H19O10"
81,2907,"C16H15O9, C17H15O11, C17H17O12"
82,94,"C20H15O11, C21H19O12"
83,2761,"C16H17O9, C17H17O11, C18H17O13"
84,521,"C19H19O9, C19H21O10"
85,765,"C17H15O10, C17H17O11, C17H19O12"
86,1359,"C17H15O10, C17H17O11, C18H17O13"
87,6141,"C17H15O11, C17H17O12"
88,2624,"C17H17O9, C18H17O11, C18H19O12"
89,3125,"C17H17O9, C18H17O11, C19H17O13"
90,2434,"C17H17O9, C17H19O10, C18H19O12"
91,677,"C16H15O10, C17H15O12, C17H17O13"
92,1042,"C16H13O10, C17H13O12"
93,1028,"C15H17O8, C16H17O10, C17H17O12"
94,6941,"C16H19O9, C17H19O11"
95,4180,"C18H21O11, C19H21O13"
96,866,"C18H19O12, C18H21O13"
97,682,"C15H13O9, C16H17O10"
98,224,"C19H21O10, C20H21O12, C20H23O13"
99,4160,"C17H13O11, C17H15O12"
100,2939,"C17H13O11, C18H13O13"
101,7828,"C17H21O10, C18H21O12"
102,999,"C21H19O11, C21H21O12"
103,6965,"C16H19O10, C17H19O12"
104,1962,"C18H15O11, C18H17O12"
105,330,"C15H17O8, C15H19O9"
106,173,"C16H21O8, C17H21O10, C18H21O12"
107,476,"C19H19O11, C20H19O13"
108,2042,"C17H15O11, C18H15O13"
109,1342,"C17H17O9, C17H19O10"
110,1107,"C17H13O10, C18H13O12, C18H15O13"
111,874,"C17H13O10, C17H15O11, C18H15O13"
112,1142,"C17H13O10, C17H15O11, C17H17O12"
113,575,"C14H19O7, C15H19O9"
114,4854,"C19H23O10, C19H25O11"
115,486,"C17H17O8, C18H17O10, C18H19O11"
116,363,"C17H17O8, C17H19O9, C18H19O11"
117,156,"C19H11O12, C19H13O13"
118,8044,"C18H19O9, C19H19O11"
119,1329,"C17H15O12, C17H17O13"
120,589,"C15H13O9, C16H13O11"
121,1279,"C16H15O9, C16H17O10, C17H17O12"
122,1492,"C16H15O9, C17H15O11, C18H15O13"
123,972,"C16H19O9, C16H21O10"
124,2272,"C18H19O9, C18H21O10"
125,84,"C14H15O7, C14H17O8, C15H17O10"
126,127,"C14H15O7, C15H15O9, C16H15O11"
127,109,"C14H15O7, C15H15O9, C15H17O10"
128,369,"C18H15O9, C18H17O10, C19H17O12"
129,438,"C18H15O9, C18H17O10, C18H19O11"
130,405,"C18H15O9, C19H15O11, C19H17O12"
131,283,"C18H15O9, C19H15O11, C20H15O13"
132,412,"C18H15O9, C19H15O11, C20H19O12"
133,6508,"C18H21O10, C19H21O12"
134,2616,"C15H13O11, C16H13O13"
135,654,"C20H23O11, C20H25O12"
136,602,"C20H17O11, C20H19O12"
137,1615,"C15H19O9, C16H19O11"
138,189,"C16H17O10, C17H21O11"
139,828,"C20H25O9, C21H25O11"
140,880,"C15H15O9, C15H17O10"
141,1269,"C16H21O9, C17H21O11"
142,1040,"C14H17O7, C15H17O9"
143,1384,"C19H25O11, C20H25O13"
144,5783,"C18H17O10, C19H17O12"
145,831,"C18H23O10, C19H23O12"
146,1612,"C17H19O8, C18H19O10, C18H21O11"
147,1364,"C18H15O9, C19H15O11"
148,218,"C17H11O11, C18H11O13"
149,198,"C14H11O8, C15H15O9"
150,167,"C14H11O8, C15H11O10"
151,2582,"C18H15O10, C18H17O11"
152,3727,"C15H15O10, C16H15O12"
153,64,"C16H15O11, C16H17O12"
154,623,"C16H9O12, C16H11O13"
155,541,"C19H13O11, C19H15O12"
156,183,"C17H13O12, C18H13O14"
157,739,"C15H21O8, C16H21O10"
158,302,"C16H13O10, C17H13O12, C17H15O13"
159,330,"C18H19O10, C18H21O11, C19H21O13"
160,224,"C16H15O10, C17H15O12, C18H15O14"
161,763,"C15H11O9, C16H11O11"
162,1198,"C19H21O10, C19H23O11"
163,2354,"C18H21O9, C18H23O10"
164,1072,"C17H17O11, C18H21O12"
165,3,"C20H27O9, C20H29O10"
166,568,"C19H19O11, C19H21O12"
167,600,"C20H15O10, C21H15O12"
168,2676,"C18H23O9, C19H23O11"
169,966,"C15H11O11, C16H11O13"
170,2240,"C19H23O9, C20H23O11"
171,1753,"C19H23O9, C19H25O10"
172,1458,"C20H25O11, C20H27O12"
173,1820,"C19H23O11, C19H25O12"
174,1349,"C17H17O9, C18H17O11, C19H21O12"
175,1174,"C17H19O8, C18H19O10, C19H19O12"
176,1167,"C15H17O10, C15H19O11"
177,226,"C19H19O9, C20H19O11, C20H21O12"
178,84,"C19H19O9, C19H21O10, C19H23O11, C19H25O12"
179,182,"C19H19O9, C19H21O10, C20H21O12"
180,194,"C17H21O9, C18H21O11, C19H21O13"
181,680,"C19H15O11, C20H19O12"
182,973,"C19H15O11, C20H15O13"
183,834,"C19H19O9, C20H19O11"
184,690,"C15H15O9, C16H19O10"
185,44,"C20H11O10, C20H13O11"
186,2337,"C14H15O9, C15H15O11"
187,411,"C17H17O8, C18H17O10, C19H17O12"
188,1550,"C18H13O11, C19H13O13"
189,76,"C14H13O7, C15H13O9"
190,138,"C18H11O11, C18H13O12"
191,160,"C17H23O9, C18H23O11"
192,1154,"C18H15O10, C19H15O12"
193,103,"C15H11O10, C15H13O11, C16H13O13"
194,88,"C20H23O10, C20H25O11, C20H27O12"
195,579,"C16H17O8, C17H17O10, C18H21O11"
196,994,"C16H17O8, C17H17O10, C18H17O12"
197,225,"C18H17O9, C18H19O10, C19H19O12"
198,208,"C18H17O9, C19H17O11, C19H19O12"
199,309,"C18H15O10, C18H17O11, C19H17O13"
200,373,"C18H15O10, C19H15O12, C19H17O13"
201,26,"C18H11O10, C19H11O12"
202,18,"C18H11O10, C18H13O11"
203,579,"C16H19O9, C17H19O11, C17H21O12"
204,39,"C16H11O9, C17H11O11, C18H11O13"
205,128,"C16H11O9, C17H11O11, C17H13O12"
206,1112,"C18H23O10, C18H25O11"
207,37,"C17H13O9, C18H17O10, C19H17O12"
208,65,"C17H13O9, C18H13O11, C18H15O12"
209,292,"C15H15O8, C16H15O10, C17H15O12"
210,588,"C15H15O8, C15H17O9"
211,280,"C15H15O8, C16H19O9"
212,325,"C15H11O9, C16H11O11, C16H13O12"
213,212,"C16H19O10, C16H21O11"
214,823,"C16H15O10, C17H19O11"
215,771,"C19H19O12, C19H21O13"
216,533,"C21H21O10, C21H23O11"
217,151,"C19H19O11, C19H21O12, C19H23O13"
218,218,"C20H19O11, C20H21O12"
219,65,"C20H19O9, C20H21O10, C21H21O12"
220,104,"C20H19O9, C21H19O11, C21H21O12"
221,718,"C16H17O9, C16H19O10, C17H19O12"
222,1196,"C16H17O9, C17H17O11, C17H19O12"
223,266,"C17H13O10, C18H17O11, C19H17O13"
224,478,"C17H13O10, C18H13O12, C19H13O14"
225,601,"C16H13O11, C16H15O12"
226,333,"C14H11O10, C15H11O12"
227,1965,"C17H21O8, C18H21O10"
228,431,"C17H11O10, C18H11O12"
229,507,"C15H11O9, C16H11O11, C17H15O12"
230,115,"C15H19O8, C15H21O9"
231,245,"C12H13O7, C13H13O9"
232,187,"C16H13O8, C17H13O10, C17H15O11, C18H15O13"
233,242,"C16H13O8, C17H13O10, C17H15O11, C17H17O12"
234,162,"C16H13O8, C17H13O10, C18H17O11, C19H17O13"
235,223,"C16H13O8, C17H13O10, C18H13O12, C18H15O13"
236,144,"C16H13O8, C16H15O9, C17H15O11, C18H15O13"
237,196,"C16H13O8, C16H15O9, C17H15O11, C17H17O12"
238,421,"C19H15O10, C19H17O11, C20H17O13"
239,128,"C12H15O7, C13H15O9"
240,72,"C14H9O9, C14H11O10"
241,499,"C20H17O12, C20H19O13"
242,881,"C19H23O11, C20H23O13"
243,1196,"C19H17O9, C19H19O10"
244,253,"C19H17O9, C20H17O11"
245,104,"C19H23O8, C20H23O10, C20H25O11"
246,24,"C19H23O8, C19H25O9, C20H25O11"
247,847,"C16H17O9, C17H17O11, C18H21O12"
248,470,"C15H13O9, C15H15O10"
249,168,"C19H13O10, C20H13O12"
250,585,"C17H21O8, C17H23O9"
251,116,"C13H13O8, C13H15O9"
252,209,"C17H21O8, C18H21O10, C19H21O12"
253,248,"C17H21O8, C18H21O10, C18H23O11"
254,66,"C17H21O8, C17H23O9, C18H23O11"
255,705,"C18H17O11, C18H19O12"
256,931,"C14H17O9, C15H17O11"
257,1123,"C19H19O10, C19H21O11"
258,853,"C17H19O8, C17H21O9, C18H21O11"
259,22,"C16H19O7, C16H21O8"
260,19,"C16H19O7, C17H19O9, C18H19O11"
261,220,"C13H11O8, C14H11O10"
262,127,"C13H11O8, C13H13O9"
263,386,"C17H19O9, C17H21O10"
264,722,"C19H21O11, C19H23O12"
265,63,"C17H11O10, C17H13O11, C17H15O12"
266,59,"C17H11O10, C17H13O11, C18H13O13"
267,38,"C17H11O10, C18H15O11"
268,973,"C19H25O10, C20H25O12"
269,412,"C18H19O9, C19H19O11, C19H21O12, C19H23O13"
270,1288,"C17H17O10, C17H19O11, C17H21O12"
271,1336,"C18H17O10, C19H17O12, C19H19O13"
272,947,"C18H17O10, C18H19O11, C18H21O12"
273,417,"C19H11O11, C20H11O13"
274,232,"C20H15O11, C20H17O12"
275,218,"C20H15O11, C21H15O13"
276,679,"C16H13O9, C17H13O11, C18H13O13"
277,465,"C20H13O11, C21H13O13"
278,490,"C16H11O11, C17H15O12"
279,297,"C15H15O7, C16H15O9, C17H15O11, C17H17O12"
280,169,"C15H15O7, C16H15O9, C17H19O10"
281,310,"C20H23O10, C21H23O12"
282,53,"C18H21O8, C19H21O10, C19H23O11"
283,53,"C18H21O8, C18H23O9, C19H23O11"
284,57,"C18H21O10, C19H21O12, C19H23O13"
285,327,"C15H13O8, C16H13O10, C17H13O12"
286,42,"C15H21O7, C16H21O9"
287,922,"C18H13O11, C18H15O12"
288,377,"C19H23O8, C19H25O9"
289,512,"C17H13O12, C17H15O13"
290,695,"C20H21O10, C21H21O12"
291,781,"C20H21O10, C20H23O11"
292,555,"C18H17O12, C18H19O13"
293,83,"C16H11O11, C16H13O12"
294,472,"C18H13O12, C19H13O14"
295,578,"C16H17O11, C16H19O12"
296,94,"C19H9O11, C20H9O13"
297,902,"C19H17O12, C19H19O13"
298,3,"C17H17O6, C18H17O8, C18H19O9, C18H21O10"
299,4,"C17H17O6, C18H17O8, C18H19O9, C19H19O11"
300,4,"C17H17O6, C18H17O8, C19H17O10, C19H19O11"
301,30989,"C15H13O9, C16H13O11, C16H15O12"
302,19833,"C15H13O9, C15H15O10, C16H15O12"
303,37,"C16H17O7, C17H17O9, C17H19O10, C18H19O12"
304,92,"C16H17O7, C17H17O9, C17H19O10, C17H21O11"
305,37,"C16H17O7, C17H17O9, C18H17O11, C18H19O12"
306,791,"C16H17O7, C17H17O9, C18H17O11, C19H17O13"
307,336,"C16H17O7, C17H17O9, C18H17O11, C19H21O12"
308,80,"C16H17O7, C16H19O8, C17H19O10, C18H19O12"
309,33,"C16H17O7, C16H19O8, C17H19O10, C17H21O11"
310,35,"C16H17O7, C16H19O8, C16H21O9, C17H21O11"
311,365,"C19H15O11, C19H17O12"
312,579,"C14H17O8, C15H17O10"
313,302,"C15H11O9, C15H13O10, C16H13O12"
314,128,"C14H17O7, C15H17O9, C16H17O11"
315,115,"C16H15O8, C17H15O10, C18H15O12, C18H17O13"
316,576,"C16H15O8, C17H15O10, C18H19O11"
317,115,"C16H15O8, C17H15O10, C17H17O11, C18H17O13"
318,89,"C16H15O8, C16H17O9, C17H17O11, C18H17O13"
319,53,"C16H19O9, C17H19O11, C18H19O13"
320,63,"C13H11O8, C14H11O10, C15H11O12"
321,66,"C13H11O8, C14H11O10, C14H13O11"
322,298,"C18H13O12, C18H15O13"
323,756,"C16H15O8, C17H15O10, C18H15O12"
324,321,"C16H15O8, C17H15O10, C17H17O11"
325,16,"C21H15O10, C22H15O12"
326,212,"C14H11O9, C14H13O10"
327,66,"C14H11O9, C15H11O11, C16H11O13"
328,24,"C16H9O10, C16H11O11"
329,34,"C16H9O10, C17H9O12"
330,184,"C15H21O9, C16H21O11"
331,462,"C18H13O10, C18H15O11"
332,620,"C18H13O10, C19H13O12"
333,257,"C19H23O8, C20H23O10"
334,171,"C15H9O9, C16H9O11"
335,12,"C14H9O8, C14H11O9, C15H11O11, C16H11O13"
336,20,"C14H9O8, C15H9O10, C15H11O11, C16H11O13"
337,20,"C14H9O8, C15H9O10, C16H9O12, C16H11O13"
338,446,"C15H15O10, C15H17O11"
339,38,"C18H15O12, C19H15O14"
340,31,"C20H25O10, C20H27O11"
341,41,"C14H17O8, C15H17O10, C15H19O11"
342,146,"C16H15O10, C16H17O11"
343,73,"C19H17O10, C19H19O11, C19H21O12"
344,665,"C17H15O12, C18H15O14"
345,429,"C16H17O8, C16H19O9"
346,67,"C14H19O8, C15H19O10"
347,44,"C17H15O8, C18H15O10, C18H17O11"
348,91,"C17H17O9, C17H19O10, C17H21O11"
349,171,"C16H23O9, C17H23O11"
350,108,"C14H13O9, C14H15O10"
351,470,"C14H13O9, C15H13O11, C16H13O13"
352,161,"C18H17O9, C18H19O10, C18H21O11"
353,226,"C16H17O8, C17H21O9, C18H21O11"
354,120,"C19H17O9, C20H17O11, C20H19O12"
355,352,"C20H21O11, C20H23O12"
356,57,"C20H11O10, C20H13O11, C21H13O13"
357,11,"C20H11O10, C21H11O12, C21H13O13"
358,9,"C17H15O8, C17H17O9, C17H19O10, C18H19O12"
359,9,"C17H15O8, C17H17O9, C18H17O11, C18H19O12"
360,10,"C17H15O8, C17H17O9, C18H17O11, C19H17O13"
361,24,"C17H15O8, C18H15O10, C19H15O12, C19H17O13"
362,24,"C17H15O8, C18H15O10, C18H17O11, C19H17O13"
363,11136,"C17H23O7, C18H23O9, C19H23O11, C19H25O12"
364,1820,"C17H23O7, C18H23O9, C19H23O11, C20H23O13"
365,207,"C17H23O7, C18H23O9, C18H25O10"
366,73,"C13H15O7, C14H15O9, C15H15O11"
367,233,"C19H17O10, C19H19O11"
368,82,"C18H11O13, C18H13O14"
369,295,"C15H19O8, C16H19O10"
370,46,"C19H19O9, C19H21O10, C19H23O11"
371,28,"C15H11O8, C15H13O9"
372,72,"C15H11O8, C16H11O10, C17H11O12"
373,69,"C19H21O10, C19H23O11, C20H23O13"
374,62,"C19H21O10, C19H23O11, C19H25O12"
375,410,"C16H13O10, C16H15O11"
376,29,"C18H19O8, C19H19O10, C20H19O12"
377,31,"C13H9O8, C14H9O10"
378,123,"C21H13O11, C21H15O12"
379,193,"C15H15O7, C16H15O9, C16H17O10, C17H17O12"
380,188,"C15H15O7, C16H15O9, C17H15O11, C18H15O13"
381,5,"C15H15O7, C15H17O8"
382,132,"C15H11O9, C15H13O10, C15H15O11"
383,253,"C18H11O11, C18H13O12, C19H13O14"
384,277,"C19H11O11, C19H13O12"
385,190,"C16H15O9, C16H17O10"
386,140,"C18H21O9, C19H21O11, C20H21O13"
387,125,"C17H15O10, C18H15O12, C19H15O14"
388,349,"C15H17O10, C16H17O12"
389,56,"C17H13O9, C18H13O11, C19H13O13"
390,102,"C19H21O11, C20H21O13"
391,456,"C21H25O11, C21H27O12"
392,14,"C18H21O8, C19H21O10, C20H21O12"
393,328,"C16H11O10, C17H11O12"
394,343,"C19H21O9, C19H23O10, C19H25O11, C20H25O13"
395,89,"C16H15O7, C17H15O9, C18H15O11"
396,85,"C16H15O7, C16H17O8"
397,539,"C16H13O11, C17H13O13"
398,111,"C17H15O9, C18H15O11"
399,15,"C13H7O8, C14H7O10"
400,84,"C19H13O13, C19H15O14"
401,9,"C16H19O7, C17H19O9, C18H19O11, C18H21O12"
402,31,"C16H11O8, C16H13O9, C17H13O11, C18H13O13"
403,68,"C16H11O8, C16H13O9, C17H13O11, C17H15O12"
404,160,"C16H11O8, C17H11O10, C18H11O12"
405,132,"C16H11O8, C17H11O10, C18H15O11, C19H15O13"
406,31,"C16H11O8, C17H11O10, C17H13O11, C18H13O13"
407,95,"C16H11O8, C17H11O10, C17H13O11, C17H15O12"
408,76,"C17H21O9, C17H23O10"
409,199,"C18H13O10, C18H15O11, C19H15O13"
410,269,"C18H13O10, C19H13O12, C19H15O13"
411,109,"C18H13O10, C19H13O12, C20H17O13"
412,21,"C14H13O7, C15H13O9, C16H13O11, C16H15O12"
413,21,"C14H13O7, C15H13O9, C15H15O10, C16H15O12"
414,21,"C14H13O7, C15H13O9, C15H15O10, C15H17O11"
415,21,"C14H13O7, C15H13O9, C16H17O10"
416,69,"C16H17O7, C17H17O9, C18H17O11"
417,3,"C14H15O6, C15H15O8, C16H15O10, C17H15O12, C17H17O13"
418,4,"C14H15O6, C15H15O8, C16H15O10, C17H19O11"
419,4,"C14H15O6, C15H15O8, C16H19O9, C17H19O11"
420,4,"C14H15O6, C15H15O8, C15H17O9, C15H19O10"
421,70,"C16H15O8, C16H17O9, C16H19O10"
422,157,"C16H15O8, C16H17O9, C17H17O11"
423,1,"C21H29O8, C22H29O10"
424,106,"C17H23O7, C17H25O8, C18H25O10"
425,184,"C17H23O7, C18H23O9, C19H23O11"
426,39,"C15H13O7, C16H13O9, C16H15O10, C17H15O12"
427,99,"C15H13O7, C16H13O9, C17H13O11, C18H13O13"
428,91,"C15H13O7, C16H13O9, C17H13O11, C17H15O12"
429,79,"C14H11O8, C15H11O10, C15H13O11, C16H13O13"
430,107,"C14H11O8, C15H11O10, C16H11O12"
431,83,"C14H11O8, C15H15O9, C16H15O11"
432,76,"C14H15O8, C15H15O10"
433,91,"C15H15O8, C16H19O9, C17H19O11"
434,240,"C20H23O10, C20H25O11"
435,173,"C17H19O7, C18H19O9, C19H19O11"
436,1,"C16H21O5, C17H21O7, C18H21O9, C18H23O10"
437,1,"C16H21O5, C17H21O7, C18H21O9, C19H21O11"
438,1,"C16H21O5, C17H21O7, C17H23O8, C18H23O10"
439,95,"C17H23O9, C17H25O10"
440,30,"C15H15O8, C15H17O9, C16H17O11"
441,49,"C15H15O8, C16H15O10, C17H15O12, C17H17O13"
442,37,"C15H15O8, C16H15O10, C17H19O11"
443,39,"C15H15O8, C16H15O10, C16H17O11"
444,252,"C16H19O8, C17H19O10, C18H19O12"
445,32,"C15H9O8, C16H9O10, C17H9O12"
446,32,"C15H9O8, C16H9O10, C16H11O11"
447,10,"C15H9O8, C15H11O9, C16H11O11, C16H13O12"
448,53,"C13H9O7, C14H9O9, C15H9O11"
449,77,"C13H9O7, C14H9O9, C14H11O10, C15H11O12"
450,5,"C13H9O7, C13H11O8, C14H11O10, C14H13O11"
451,5,"C13H9O7, C13H11O8, C14H11O10, C15H11O12"
452,48,"C14H11O8, C14H13O9, C15H13O11, C16H13O13"
453,4,"C14H11O8, C14H13O9, C14H15O10"
454,55,"C17H17O9, C18H17O11, C18H19O12, C18H21O13"
455,226,"C20H13O10, C21H13O12"
456,44,"C15H9O10, C16H9O12"
457,121,"C19H13O10, C19H15O11"
458,44,"C13H17O6, C14H17O8"
459,45,"C15H13O8, C15H15O9"
460,139,"C18H23O9, C19H23O11, C20H23O13"
461,160,"C18H23O9, C19H23O11, C19H25O12"
462,18,"C18H23O9, C18H25O10"
463,59,"C17H13O9, C17H15O10, C18H15O12"
464,67,"C14H17O7, C15H17O9, C15H19O10"
465,58,"C14H17O7, C14H19O8, C15H19O10"
466,6,"C13H15O6, C14H15O8, C14H17O9, C15H17O11"
467,6,"C13H15O6, C14H15O8, C15H15O10, C16H15O12"
468,6,"C13H15O6, C14H15O8, C15H15O10, C15H17O11"
469,154,"C16H13O8, C17H13O10, C18H13O12"
470,191,"C16H13O8, C17H13O10, C18H17O11"
471,191,"C20H21O9, C21H21O11"
472,157,"C15H13O8, C16H13O10, C16H15O11"
473,144,"C15H13O8, C15H15O9, C16H15O11"
474,120,"C15H13O8, C15H15O9, C15H17O10"
475,102,"C15H17O9, C16H17O11"
476,117,"C17H17O8, C18H17O10, C18H19O11, C18H21O12"
477,76,"C17H17O8, C18H17O10, C19H17O12, C19H19O13"
478,30,"C17H17O8, C17H19O9, C18H19O11, C18H21O12"
479,28,"C15H13O11, C15H15O12"
480,95,"C14H15O8, C14H17O9, C15H17O11"
481,140,"C14H15O8, C15H15O10, C15H17O11"
482,140,"C14H15O8, C15H15O10, C16H15O12"
483,18088,"C15H13O9, C15H15O10, C15H17O11"
484,18,"C13H19O6, C14H19O8"
485,46,"C19H25O9, C20H25O11"
486,3,"C16H15O6, C17H15O8, C17H17O9, C18H17O11"
487,3,"C16H15O6, C17H15O8, C18H15O10, C18H17O11"
488,2,"C16H15O6, C16H17O7, C17H17O9, C18H17O11"
489,67,"C20H11O11, C20H13O12"
490,325,"C19H15O10, C19H17O11, C19H19O12"
491,63,"C17H11O10, C18H15O11, C19H15O13"
492,24,"C14H15O9, C15H15O11, C15H17O12"
493,29,"C11H11O8, C12H11O10"
494,328,"C15H11O10, C16H11O12"
495,21,"C12H11O8, C13H11O10"
496,7,"C12H11O8, C12H13O9"
497,30,"C15H19O7, C15H21O8, C16H21O10"
498,32,"C15H19O7, C16H19O9, C16H21O10"
499,17,"C15H19O7, C16H19O9, C17H19O11"
500,206,"C16H17O8, C16H19O9, C17H19O11"
501,12,"C19H13O10, C19H15O11, C20H15O13"
502,8,"C13H15O7, C14H15O9, C14H17O10"
503,8,"C13H15O7, C13H17O8, C14H17O10"
504,23,"C15H17O9, C15H19O10"
505,6,"C17H13O9, C18H17O10"
506,31,"C14H15O7, C15H19O8, C16H19O10, C17H19O12"
507,13,"C14H15O7, C14H17O8, C15H17O10, C15H19O11"
508,54,"C14H15O7, C15H15O9, C16H19O10"
509,643,"C14H15O7, C15H15O9, C15H17O10, C15H19O11"
510,209,"C17H9O11, C17H11O12"
511,31,"C15H13O7, C16H13O9"
512,28,"C13H13O9, C13H15O10"
513,140,"C15H17O8, C16H21O9"
514,48,"C15H17O8, C16H17O10, C17H21O11"
515,126,"C18H15O12, C18H17O13"
516,47,"C19H23O8, C20H23O10, C21H23O12"
517,51,"C15H13O8, C16H13O10, C17H13O12, C17H15O13"
518,153,"C15H17O8, C15H19O9, C16H19O11"
519,182,"C15H17O8, C16H17O10, C16H19O11"
520,17,"C13H15O7, C14H15O9"
521,35,"C13H15O7, C13H17O8"
522,5,"C15H9O8, C15H11O9, C16H11O11"
523,77,"C18H11O10, C18H13O11, C19H13O13"
524,59,"C18H11O10, C19H11O12, C19H13O13"
525,56,"C13H9O9, C14H9O11"
526,137,"C14H9O9, C15H9O11"
527,35,"C18H19O9, C18H21O10, C19H21O12, C19H23O13"
528,44,"C16H17O7, C17H17O9, C17H19O10"
529,44,"C16H17O7, C16H19O8, C17H19O10"
530,50,"C16H17O7, C16H19O8, C16H21O9"
531,3,"C16H13O9, C17H13O11"
532,25,"C16H17O9, C16H19O10, C16H21O11"
533,16,"C16H13O9, C16H15O10, C17H15O12, C17H17O13"
534,32,"C16H13O9, C16H15O10, C17H15O12, C18H15O14"
535,46,"C20H17O9, C21H17O11"
536,31,"C20H17O9, C20H19O10"
537,35,"C16H21O7, C17H21O9, C18H21O11"
538,73,"C15H9O9, C15H11O10, C16H11O12"
539,188,"C17H19O7, C18H19O9, C19H23O10"
540,83,"C17H19O7, C18H19O9, C18H21O10"
541,28,"C17H19O8, C17H21O9"
542,18,"C21H21O9, C22H21O11"
543,96,"C16H13O8, C16H15O9, C16H17O10, C17H17O12"
544,116,"C19H15O10, C19H17O11"
545,54,"C20H23O9, C20H25O10"
546,28,"C16H15O8, C17H15O10"
547,41,"C19H17O9, C19H19O10, C19H21O11"
548,102,"C21H17O10, C22H17O12"
549,1408,"C15H17O7, C16H17O9, C16H19O10, C17H19O12"
550,2208,"C15H17O7, C16H17O9, C17H17O11, C17H19O12"
551,355,"C15H17O7, C15H19O8, C16H19O10, C17H19O12"
552,70,"C17H11O11, C17H13O12, C18H13O14"
553,61,"C14H9O8, C15H9O10"
554,36,"C14H11O8, C14H13O9"
555,90,"C16H17O8, C17H21O9"
556,28,"C20H27O10, C21H27O12"
557,86,"C19H23O8, C20H23O10, C20H25O11, C20H27O12"
558,116,"C16H17O8, C17H17O10, C17H19O11"
559,38,"C19H15O13, C19H17O14"
560,42,"C17H15O9, C18H15O11, C19H15O13, C19H17O14"
561,24,"C17H15O9, C18H15O11, C18H17O12, C18H19O13"
562,3,"C17H15O9, C17H17O10, C18H17O12, C18H19O13"
563,3,"C17H15O9, C17H17O10, C17H19O11, C18H19O13"
564,38,"C13H9O9, C13H11O10"
565,5,"C11H17O6, C12H17O8"
566,52,"C19H19O10, C20H19O12, C20H21O13"
567,1,"C15H23O6, C16H23O8"
568,87,"C21H19O9, C22H19O11"
569,298,"C18H21O9, C18H23O10, C18H25O11"
570,2,"C17H21O8, C18H21O10, C19H21O12, C19H23O13"
571,9,"C15H15O8, C15H17O9, C15H19O10"
572,3,"C16H7O9, C17H7O11"
573,1,"C22H27O8, C23H27O10"
574,3,"C19H21O8, C20H21O10, C20H23O11"
575,30,"C19H21O8, C20H21O10, C21H21O12"
576,28,"C14H19O7, C15H19O9, C16H19O11"
577,135,"C16H13O8, C17H13O10, C18H13O12, C19H13O14"
578,19,"C13H7O9, C13H9O10"
579,30,"C19H17O10, C20H17O12, C20H19O13"
580,5,"C15H9O7, C16H9O9, C17H9O11, C17H11O12"
581,5,"C15H9O7, C16H9O9, C16H11O10, C17H11O12"
582,78,"C14H15O7, C15H15O9"
583,32,"C20H21O9, C20H23O10"
584,63,"C14H15O9, C14H17O10"
585,16,"C19H15O9, C19H17O10"
586,26,"C19H15O9, C20H19O10, C21H19O12"
587,31,"C19H15O9, C20H15O11, C21H19O12"
588,10,"C21H13O12, C21H15O13"
589,42,"C15H11O9, C15H13O10"
590,25,"C15H9O9, C15H11O10"
591,33,"C14H13O9, C15H13O11, C15H15O12"
592,65,"C14H17O7, C14H19O8"
593,26,"C21H17O11, C21H19O12"
594,237,"C18H21O9, C19H21O11, C19H23O12"
595,32,"C16H15O8, C17H15O10, C18H15O12, C19H15O14"
596,56,"C20H21O10, C21H25O11"
597,3,"C12H11O7, C12H13O8, C12H15O9"
598,3,"C12H11O7, C12H13O8, C13H13O10"
599,3,"C12H11O7, C13H11O9, C13H13O10"
600,70,"C14H17O8, C14H19O9"
601,3,"C19H27O8, C20H27O10"
602,31,"C14H15O7, C14H17O8"
603,25,"C13H17O7, C14H17O9, C15H17O11"
604,27,"C13H17O7, C13H19O8"
605,54,"C15H15O7, C15H17O8, C16H17O10, C17H17O12"
606,10,"C13H15O8, C13H17O9"
607,20,"C15H19O7, C16H19O9, C17H19O11, C17H21O12"
608,41,"C16H15O8, C17H15O10, C17H17O11, C17H19O12"
609,28,"C16H15O8, C16H17O9, C17H17O11, C17H19O12"
610,27,"C16H21O5, C17H21O7, C18H21O9, C18H23O10, C18H25O11"
611,3,"C16H21O5, C17H21O7, C18H21O9, C18H23O10, C19H23O12"
612,48,"C16H21O5, C17H21O7, C18H21O9, C19H21O11, C20H21O13"
613,24,"C16H21O5, C17H21O7, C18H21O9, C19H21O11, C19H23O12"
614,9,"C16H21O5, C17H21O7, C17H23O8, C18H23O10, C18H25O11"
615,1,"C16H21O5, C17H21O7, C17H23O8, C18H23O10, C19H23O12"
616,23,"C18H19O8, C19H19O10, C19H21O11"
617,15,"C18H19O8, C18H21O9, C19H21O11"
618,10,"C15H11O11, C15H13O12"
619,145,"C20H19O12, C20H21O13"
620,65,"C15H19O8, C16H19O10, C16H21O11"
621,31,"C18H19O8, C19H19O10"
622,133,"C18H17O9, C19H17O11, C20H17O13"
623,53,"C16H13O8, C16H15O9"
624,28,"C18H9O9, C19H9O11, C20H9O13"
625,12,"C18H9O9, C19H9O11, C19H11O12"
626,108,"C17H15O9, C18H19O10, C19H19O12"
627,63,"C17H15O9, C17H17O10, C18H17O12"
628,131,"C17H15O9, C18H15O11, C19H15O13"
629,139,"C17H15O9, C18H15O11, C18H17O12"
630,79,"C14H11O10, C14H13O11"
631,6,"C14H13O7, C14H15O8, C14H17O9, C15H17O11"
632,6,"C14H13O7, C14H15O8, C15H15O10, C15H17O11"
633,6,"C14H13O7, C14H15O8, C15H15O10, C16H15O12"
634,21,"C19H19O8, C20H19O10"
635,56,"C18H13O9, C19H13O11, C19H15O12"
636,20,"C18H13O9, C18H15O10, C19H15O12"
637,21,"C18H13O9, C19H17O10"
638,69,"C16H11O9, C17H15O10"
639,26,"C13H11O9, C13H13O10"
640,7,"C16H15O8, C16H17O9"
641,43,"C14H15O10, C15H15O12"
642,39,"C17H9O10, C18H9O12"
643,26,"C17H9O10, C18H13O11"
644,199,"C11H11O6, C12H11O8, C13H11O10"
645,24,"C11H11O6, C12H11O8, C12H13O9"
646,110,"C17H19O7, C18H19O9, C19H19O11, C19H21O12"
647,190,"C17H19O7, C18H19O9, C19H19O11, C20H19O13"
648,80,"C17H19O7, C18H19O9, C18H21O10, C19H21O12"
649,247,"C17H19O7, C18H19O9, C18H21O10, C18H23O11"
650,29,"C17H19O7, C17H21O8, C18H21O10, C19H21O12"
651,54,"C17H19O7, C17H21O8, C18H21O10, C18H23O11"
652,18,"C17H19O7, C17H21O8, C17H23O9, C18H23O11"
653,17,"C17H19O7, C17H21O8, C17H23O9, C17H25O10"
654,15,"C12H9O7, C13H13O8, C14H13O10"
655,20,"C19H27O9, C20H27O11"
656,28,"C15H7O9, C15H9O10, C16H9O12"
657,79,"C21H21O11, C21H23O12"
658,64,"C20H17O10, C21H17O12"
659,65,"C18H13O9, C19H13O11"
660,45,"C12H13O7, C13H13O9, C13H15O10"
661,35,"C17H17O9, C17H19O10, C18H19O12, C18H21O13"
662,43,"C17H19O10, C18H19O12, C18H21O13"
663,8,"C11H7O8, C12H7O10"
664,41,"C14H11O8, C15H11O10, C15H13O11"
665,35,"C12H9O8, C13H9O10"
666,13,"C13H13O7, C13H15O8, C14H15O10"
667,63,"C13H13O7, C14H13O9, C15H13O11, C16H13O13"
668,14,"C13H13O7, C14H13O9, C14H15O10"
669,10,"C12H15O8, C13H15O10"
670,11,"C17H11O9, C18H11O11, C18H13O12"
671,11,"C17H11O9, C17H13O10, C18H13O12"
672,12,"C17H15O9, C18H19O10"
673,44,"C14H13O8, C14H15O9, C15H15O11"
674,53,"C14H13O8, C15H13O10, C15H15O11"
675,68,"C14H13O8, C15H13O10, C16H13O12, C16H15O13"
676,24,"C15H13O7, C16H13O9, C16H15O10, C17H15O12, C17H17O13"
677,24,"C15H13O7, C16H13O9, C16H15O10, C17H15O12, C18H15O14"
678,26,"C15H13O7, C16H13O9, C17H17O10, C18H17O12"
679,10,"C15H13O7, C15H15O8, C16H15O10, C17H15O12, C17H17O13"
680,10,"C15H13O7, C15H15O8, C16H15O10, C17H15O12, C18H15O14"
681,5,"C15H13O7, C15H15O8, C16H15O10, C16H17O11"
682,110,"C19H23O8, C19H25O9, C19H27O10, C20H27O12"
683,25,"C20H25O10, C21H25O12"
684,19,"C21H11O12, C21H13O13"
685,14,"C18H21O8, C18H23O9"
686,127,"C17H17O10, C18H17O12, C18H19O13"
687,57,"C17H17O10, C17H19O11, C18H19O13"
688,3,"C20H13O12, C20H15O13"
689,30,"C19H19O10, C19H21O11, C20H21O13"
690,22,"C16H9O9, C17H9O11, C17H11O12"
691,20,"C16H9O9, C16H11O10, C17H11O12"
692,6,"C16H19O7, C17H19O9, C17H21O10, C18H21O12"
693,2,"C16H19O7, C16H21O8, C16H23O9"
694,4,"C16H19O7, C16H21O8, C17H21O10, C18H21O12"
695,21,"C18H11O9, C19H11O11, C19H13O12"
696,15,"C18H11O9, C19H11O11, C20H11O13"
697,40,"C13H17O8, C14H17O10"
698,31,"C16H11O8, C16H13O9"
699,31,"C12H7O9, C13H7O11"
700,2,"C17H21O6, C18H21O8, C19H21O10, C20H21O12"
701,2,"C17H21O6, C18H21O8, C19H21O10, C19H23O11, C19H25O12"
702,2,"C17H21O6, C18H21O8, C18H23O9, C19H23O11, C19H25O12"
703,36,"C16H11O9, C16H13O10, C17H13O12"
704,1458850,"C12H13O6, C13H13O8, C14H13O10, C15H13O12"
705,471233,"C12H13O6, C13H13O8, C13H15O9, C13H17O10"
706,2989,"C12H13O6, C12H15O7, C13H15O9"
707,244,"C12H13O6, C12H15O7, C12H17O8"
708,67,"C19H17O9, C19H19O10, C20H19O12, C20H21O13"
709,3240,"C18H17O8, C19H17O10, C20H17O12, C20H19O13"
710,1944,"C18H17O8, C19H17O10, C19H19O11, C19H21O12"
711,1944,"C18H17O8, C19H17O10, C19H19O11, C20H19O13"
712,324,"C18H17O8, C18H19O9, C19H19O11, C20H19O13"
713,6156,"C18H17O8, C18H19O9, C19H19O11, C19H21O12, C19H23O13"
714,54,"C20H11O11, C21H11O13"
715,33,"C16H11O10, C16H13O11, C17H13O13"
716,1308,"C15H13O6, C16H13O8, C17H13O10, C18H17O11, C19H17O13"
717,1125,"C15H13O6, C16H13O8, C17H13O10, C17H15O11, C18H15O13"
718,1380,"C15H13O6, C16H13O8, C17H13O10, C17H15O11, C17H17O12"
719,2535,"C15H13O6, C16H13O8, C17H13O10, C18H13O12, C18H15O13"
720,3108,"C15H13O6, C16H13O8, C17H13O10, C18H13O12, C19H13O14"
721,540,"C15H13O6, C16H13O8, C16H15O9, C17H15O11, C18H15O13"
722,624,"C15H13O6, C16H13O8, C16H15O9, C17H15O11, C17H17O12"
723,240,"C15H13O6, C16H13O8, C16H15O9, C16H17O10, C17H17O12"
724,12,"C15H13O6, C15H15O7, C16H15O9, C17H19O10"
725,180,"C15H13O6, C15H15O7, C16H15O9, C17H15O11, C18H15O13"
726,208,"C15H13O6, C15H15O7, C16H15O9, C17H15O11, C17H17O12"
727,80,"C15H13O6, C15H15O7, C16H15O9, C16H17O10, C17H17O12"
728,60,"C15H13O6, C15H15O7, C16H15O9, C16H17O10, C16H19O11"
729,11,"C17H13O8, C18H13O10, C18H15O11"
730,11,"C17H13O8, C18H13O10, C19H13O12"
731,11,"C17H13O8, C17H15O9, C18H15O11"
732,9,"C13H11O6, C14H11O8, C15H11O10, C15H13O11, C16H13O13"
733,9,"C13H11O6, C14H11O8, C15H11O10, C16H11O12"
734,9,"C13H11O6, C14H11O8, C14H13O9, C15H13O11, C16H13O13"
735,19,"C19H17O8, C20H17O10"
736,8,"C17H9O10, C17H11O11"
737,23,"C21H23O11, C21H25O12"
738,103,"C22H23O10, C22H25O11"
739,21,"C21H15O12, C21H17O13"
740,26,"C18H13O9, C18H15O10, C18H17O11"
741,49,"C18H13O9, C19H17O10, C20H17O12"
742,72,"C15H19O8, C15H21O9, C16H21O11"
743,48,"C13H13O8, C14H13O10, C15H13O12"
744,48,"C20H23O9, C21H23O11, C21H25O12"
745,20,"C16H15O8, C16H17O9, C16H19O10, C17H19O12"
746,18,"C16H15O8, C16H17O9, C17H17O11, C18H21O12"
747,11,"C17H19O8, C18H19O10, C19H19O12, C19H21O13"
748,13,"C17H19O8, C18H19O10, C18H21O11, C19H21O13"
749,5,"C17H19O8, C17H21O9, C17H23O10"
750,10,"C17H19O8, C17H21O9, C18H21O11, C19H21O13"
751,1,"C14H11O6, C14H13O7"
752,123,"C14H11O6, C15H11O8, C16H11O10, C17H11O12"
753,136,"C14H11O6, C15H11O8, C16H11O10, C16H13O11, C17H13O13"
754,28,"C14H11O6, C15H11O8, C15H13O9, C16H13O11, C16H15O12"
755,4,"C14H9O7, C15H9O9, C16H9O11"
756,2,"C14H9O7, C15H9O9, C15H11O10, C16H11O12"
757,2,"C14H9O7, C14H11O8, C15H11O10, C15H13O11, C16H13O13"
758,2,"C14H9O7, C14H11O8, C15H11O10, C16H11O12"
759,26,"C14H9O9, C14H11O10, C15H11O12"
760,41,"C14H11O7, C15H11O9, C15H13O10, C15H15O11"
761,71,"C14H11O7, C15H11O9, C15H13O10, C16H13O12"
762,113,"C14H11O7, C15H11O9, C16H11O11, C17H15O12"
763,101,"C14H11O7, C15H11O9, C16H11O11, C16H13O12"
764,10,"C14H11O7, C14H13O8, C15H13O10, C15H15O11"
765,10,"C14H11O7, C14H13O8, C15H13O10, C16H13O12, C16H15O13"
766,5,"C14H11O7, C14H13O8, C14H15O9, C15H15O11"
767,42,"C19H23O8, C19H25O9, C20H25O11, C20H27O12"
768,36,"C19H17O8, C20H17O10, C21H17O12"
769,125,"C19H17O8, C19H19O9, C20H19O11, C20H21O12, C20H23O13"
770,41,"C19H17O8, C19H19O9, C19H21O10, C20H21O12, C20H23O13"
771,10,"C12H7O7, C13H7O9"
772,38,"C18H21O9, C18H23O10, C19H23O12"
773,5,"C15H15O8, C16H15O10, C17H15O12, C18H15O14"
774,9,"C14H19O7, C14H21O8"
775,60,"C15H15O7, C16H15O9"
776,2,"C16H7O8, C17H7O10, C17H9O11"
777,5,"C12H13O8, C12H15O9"
778,7,"C12H13O8, C13H13O10"
779,24,"C19H17O9, C20H17O11, C21H17O13"
780,31,"C20H19O9, C20H21O10"
781,2,"C15H19O5, C15H21O6, C15H23O7, C16H23O9"
782,7,"C15H19O5, C15H21O6, C16H21O8, C17H21O10, C18H21O12"
783,7,"C15H19O5, C15H21O6, C16H21O8, C16H23O9, C17H23O11"
784,481,"C15H19O5, C16H19O7, C17H19O9, C18H19O11, C18H21O12"
785,49,"C15H19O5, C16H19O7, C17H19O9, C17H21O10, C18H21O12"
786,13,"C15H19O5, C16H19O7, C16H21O8, C17H21O10, C18H21O12"
787,14,"C15H19O5, C16H19O7, C16H21O8, C16H23O9, C17H23O11"
788,35,"C16H17O8, C16H19O9, C16H21O10"
789,7,"C19H11O9, C19H13O10, C20H13O12"
790,19,"C19H11O9, C20H11O11, C21H11O13"
791,11,"C19H11O9, C20H11O11, C20H13O12"
792,6,"C15H15O7, C15H17O8, C15H19O9"
793,14,"C14H7O8, C15H7O10"
794,11,"C14H7O8, C14H9O9, C15H9O11"
795,7,"C14H17O8, C15H17O10, C16H17O12"
796,31,"C13H11O7, C14H11O9, C15H11O11, C16H11O13"
797,5,"C13H11O7, C14H11O9, C14H13O10"
798,45,"C14H13O8, C15H17O9"
799,4,"C21H9O12, C21H11O13"
800,7,"C13H13O6, C14H13O8, C14H15O9, C15H15O11"
801,9,"C13H13O6, C14H13O8, C15H13O10, C15H15O11"
802,9,"C13H13O6, C14H13O8, C15H13O10, C16H13O12, C16H15O13"
803,27,"C18H21O8, C19H21O10"
804,8,"C16H15O6, C17H15O8, C17H17O9, C18H17O11, C19H17O13"
805,8,"C16H15O6, C17H15O8, C18H15O10, C19H15O12, C19H17O13"
806,8,"C16H15O6, C17H15O8, C18H15O10, C18H17O11, C19H17O13"
807,5,"C16H15O6, C17H15O8, C17H17O9, C18H17O11, C18H19O12"
808,5,"C16H15O6, C17H15O8, C17H17O9, C17H19O10, C18H19O12"
809,4,"C16H15O6, C16H17O7, C16H19O8, C17H19O10, C18H19O12"
810,4,"C16H15O6, C16H17O7, C17H17O9, C17H19O10, C18H19O12"
811,4,"C16H15O6, C16H17O7, C17H17O9, C18H17O11, C18H19O12"
812,5,"C16H15O6, C16H17O7, C17H17O9, C18H17O11, C19H17O13"
813,249600,"C17H21O5, C18H21O7, C19H21O9, C19H23O10, C20H23O12"
814,1006200,"C17H21O5, C18H21O7, C19H21O9, C19H23O10, C19H25O11, C20H25O13"
815,216320,"C17H21O5, C18H21O7, C19H21O9, C20H21O11, C20H23O12"
816,38700,"C17H21O5, C18H21O7, C18H23O8, C19H23O10, C19H25O11, C20H25O13"
817,9600,"C17H21O5, C18H21O7, C18H23O8, C19H23O10, C20H23O12"
818,172,"C17H21O5, C18H21O7, C18H23O8, C18H25O9, C19H25O11"
819,7,"C15H19O6, C16H19O8, C17H19O10"
820,8,"C15H19O6, C16H19O8, C16H21O9"
821,36,"C15H9O10, C16H9O12, C16H11O13"
822,1,"C21H25O7, C22H25O9, C22H27O10"
823,37,"C15H11O10, C15H13O11"
824,31,"C18H25O9, C19H25O11"
825,20,"C13H17O6, C14H17O8, C15H17O10"
826,6,"C17H11O8, C18H11O10, C19H11O12, C19H13O13"
827,8,"C17H11O8, C18H11O10, C18H13O11, C19H13O13"
828,4,"C17H25O8, C18H25O10"
829,8,"C15H17O8, C16H17O10"
830,72,"C17H11O11, C18H11O13, C18H13O14"
831,24,"C13H13O7, C14H13O9, C14H15O10, C15H15O12"
832,24,"C13H13O7, C14H13O9, C15H13O11, C15H15O12"
833,722,"C17H17O6, C18H17O8, C18H19O9, C18H21O10, C19H21O12, C19H23O13"
834,1082,"C17H17O6, C18H17O8, C18H19O9, C19H19O11, C19H21O12, C19H23O13"
835,183,"C17H17O6, C18H17O8, C18H19O9, C19H19O11, C20H19O13"
836,366,"C17H17O6, C18H17O8, C19H17O10, C20H17O12, C20H19O13"
837,438,"C17H17O6, C18H17O8, C19H17O10, C19H19O11, C20H19O13"
838,434,"C17H17O6, C18H17O8, C19H17O10, C19H19O11, C19H21O12"
839,4,"C21H23O10, C21H25O11"
840,10,"C13H9O8, C13H11O9"
841,7,"C21H23O8, C22H23O10, C22H25O11"
842,1,"C11H17O5, C12H17O7"
843,4,"C16H21O7, C17H21O9, C17H23O10"
844,6,"C16H21O7, C17H21O9, C18H21O11, C19H21O13"
845,1,"C13H11O7, C13H13O8"
846,1,"C13H11O7, C14H11O9"
847,56,"C19H25O9, C19H27O10, C20H27O12"
848,10,"C13H11O7, C13H13O8, C14H13O10, C15H13O12"
849,12,"C13H11O7, C14H11O9, C15H11O11, C15H13O12"
850,17,"C13H11O7, C14H11O9, C14H13O10, C15H13O12"
851,60,"C19H23O9, C19H25O10, C20H25O12"
852,11,"C15H9O10, C15H11O11, C16H11O13"
853,12,"C18H9O10, C19H9O12"
854,30,"C11H17O5, C12H17O7, C13H17O9"
855,11,"C14H9O8, C14H11O9"
856,2,"C22H27O9, C22H29O10"
857,25,"C14H21O6, C15H21O8, C16H21O10"
858,4,"C13H11O8, C13H13O9, C13H15O10"
859,5,"C13H7O7, C13H9O8"
860,5,"C13H7O7, C14H7O9"
861,24,"C17H11O9, C18H11O11, C18H13O12, C19H13O14"
862,87,"C17H11O9, C17H13O10, C18H13O12, C18H15O13"
863,43,"C17H11O9, C17H13O10, C18H13O12, C19H13O14"
864,13,"C18H17O11, C18H19O12, C18H21O13"
865,106260,"C16H21O6, C17H21O8, C18H21O10, C18H23O11"
866,56580,"C16H21O6, C17H21O8, C18H21O10, C19H21O12"
867,13860,"C16H21O6, C17H21O8, C17H23O9, C18H23O11"
868,7020,"C16H21O6, C17H21O8, C17H23O9, C17H25O10"
869,351,"C16H21O6, C16H23O7, C17H23O9, C17H25O10"
870,693,"C16H21O6, C16H23O7, C17H23O9, C18H23O11"
871,6,"C15H19O7, C15H21O8"
872,14,"C19H17O9, C19H19O10, C19H21O11, C20H21O13"
873,18,"C19H17O9, C20H17O11, C20H19O12, C20H21O13"
874,37,"C20H19O9, C21H19O11"
875,18,"C17H17O7, C18H17O9, C19H21O10"
876,2,"C17H17O7, C18H17O9, C19H17O11"
877,16,"C12H7O8, C13H7O10"
878,7,"C19H23O7, C20H23O9, C21H23O11, C21H25O12"
879,6,"C19H23O7, C20H23O9, C20H25O10, C20H27O11"
880,7,"C19H23O7, C20H23O9, C20H25O10, C21H25O12"
881,6,"C19H23O7, C19H25O8, C20H25O10, C20H27O11"
882,6,"C19H23O7, C19H25O8, C20H25O10, C21H25O12"
883,2,"C19H23O7, C19H25O8, C19H27O9, C20H27O11"
884,1,"C17H17O6, C18H17O8, C19H17O10, C20H17O12"
885,24,"C17H19O7, C17H21O8, C18H21O10"
886,16,"C17H19O7, C17H21O8, C17H23O9"
887,32,"C19H11O10, C19H13O11, C20H13O13"
888,10080,"C15H11O5, C16H11O7, C17H11O9, C18H11O11, C18H13O12, C19H13O14"
889,9000,"C15H11O5, C16H11O7, C17H11O9, C17H13O10, C18H13O12, C18H15O13"
890,12600,"C15H11O5, C16H11O7, C17H11O9, C17H13O10, C18H13O12, C19H13O14"
891,5400,"C15H11O5, C16H11O7, C16H13O8, C17H13O10, C18H13O12, C18H15O13"
892,7560,"C15H11O5, C16H11O7, C16H13O8, C17H13O10, C18H13O12, C19H13O14"
893,2160,"C15H11O5, C16H11O7, C16H13O8, C17H13O10, C18H17O11, C19H17O13"
894,2880,"C15H11O5, C16H11O7, C16H13O8, C17H13O10, C17H15O11, C17H17O12"
895,1800,"C15H11O5, C16H11O7, C16H13O8, C17H13O10, C17H15O11, C18H15O13"
896,14,"C15H13O7, C15H15O8, C15H17O9"
897,14,"C15H13O7, C15H15O8, C16H15O10, C17H15O12"
898,5,"C13H13O6, C13H15O7, C14H15O9, C15H15O11"
899,5,"C13H13O6, C14H13O8, C15H17O9"
900,3,"C14H13O8, C14H15O9, C15H15O11, C15H17O12"
901,2,"C22H29O8, C23H29O10"
902,12,"C18H25O8, C19H25O10, C20H25O12"
903,3,"C10H13O6, C11H13O8"
904,1,"C14H19O6, C14H21O7"
905,1,"C14H19O6, C15H19O8, C16H19O10"
906,24,"C13H17O6, C14H17O8, C14H19O9"
907,6,"C18H11O9, C18H13O10, C19H13O12, C19H15O13"
908,300,"C19H19O9, C20H19O11, C20H21O12, C20H23O13"
909,100,"C19H19O9, C19H21O10, C20H21O12, C20H23O13"
910,150,"C19H19O9, C19H21O10, C19H23O11, C20H23O13"
911,5,"C16H19O6, C17H19O8, C18H19O10, C18H21O11"
912,5,"C16H19O6, C17H19O8, C18H19O10, C19H19O12"
913,5,"C16H19O6, C17H19O8, C17H21O9, C18H21O11"
914,5,"C22H15O11, C22H17O12"
915,11,"C13H11O6, C14H11O8, C15H15O9"
916,11,"C13H11O6, C14H11O8, C15H11O10"
917,508,"C16H17O7, C17H17O9, C17H19O10, C18H19O12, C18H21O13"
918,2272,"C16H17O7, C17H17O9, C18H17O11, C18H19O12, C18H21O13"
919,22,"C17H21O8, C17H23O9, C17H25O10"
920,10,"C18H19O8, C19H19O10, C19H21O11, C20H21O13"
921,15,"C18H19O8, C19H19O10, C19H21O11, C19H23O12"
922,10,"C18H19O8, C19H19O10, C20H19O12, C20H21O13"
923,5,"C18H13O9, C18H15O10, C19H15O12, C19H17O13"
924,5,"C18H13O9, C18H15O10, C18H17O11, C19H17O13"
925,5,"C18H13O9, C19H13O11, C20H13O13"
926,6,"C18H17O8, C18H19O9, C19H19O11"
927,6,"C18H17O8, C19H17O10, C19H19O11"
928,14,"C18H17O8, C19H17O10, C20H17O12"
929,8,"C15H19O7, C16H19O9, C17H19O11, C18H19O13"
930,8,"C14H17O6, C15H17O8, C16H17O10, C16H19O11"
931,19,"C14H17O6, C15H17O8, C16H17O10, C17H17O12"
932,4,"C14H17O6, C15H17O8, C16H17O10, C17H21O11"
933,8,"C14H17O6, C15H17O8, C15H19O9, C16H19O11"
934,8,"C14H17O6, C14H19O7, C15H19O9, C16H19O11"
935,7,"C14H17O6, C14H19O7, C14H21O8"
936,103680,"C18H21O8, C19H21O10, C20H21O12, C20H23O13"
937,395139,"C18H21O8, C19H21O10, C19H23O11, C19H25O12"
938,161280,"C18H21O8, C19H21O10, C19H23O11, C20H23O13"
939,1551,"C11H13O6, C12H13O8, C13H13O10"
940,187,"C11H13O6, C12H13O8, C12H15O9"
941,3,"C17H17O8, C17H19O9, C17H21O10, C18H21O12"
942,9,"C14H17O6, C14H19O7, C15H19O9"
943,8,"C14H17O6, C15H17O8, C16H21O9"
944,9,"C14H17O6, C15H17O8, C15H19O9"
945,8,"C18H11O9, C18H13O10, C19H13O12"
946,20,"C19H25O9, C20H25O11, C20H27O12"
947,4,"C17H7O10, C17H9O11"
948,16,"C15H19O6, C16H19O8, C16H21O9, C17H21O11"
949,17,"C15H19O6, C16H19O8, C17H19O10, C18H19O12"
950,12,"C15H19O6, C16H19O8, C17H19O10, C17H21O11"
951,14,"C15H19O6, C15H21O7, C16H21O9, C17H21O11"
952,36,"C17H17O7, C18H17O9, C19H17O11, C20H17O13"
953,229,"C17H17O7, C18H17O9, C19H17O11, C19H19O12, C19H21O13"
954,12,"C14H11O7, C15H15O8, C16H15O10, C17H15O12"
955,2,"C19H23O7, C20H23O9"
956,8,"C13H13O8, C13H15O9, C13H17O10"
957,6,"C14H15O7, C15H19O8"
958,3,"C14H15O7, C14H17O8, C14H19O9"
959,4,"C18H9O9, C18H11O10, C19H11O12"
960,15,"C20H17O9, C21H17O11, C21H19O12"
961,23,"C20H17O9, C20H19O10, C21H19O12"
962,5,"C18H17O8, C18H19O9, C18H21O10"
963,8,"C14H13O7, C14H15O8, C15H15O10"
964,4,"C13H9O6, C14H9O8, C14H11O9, C15H11O11, C16H11O13"
965,5,"C13H9O6, C14H9O8, C15H9O10, C15H11O11, C16H11O13"
966,5,"C13H9O6, C14H9O8, C15H9O10, C16H9O12, C16H11O13"
967,1840572,"C16H19O5, C17H19O7, C18H19O9, C19H19O11, C20H19O13"
968,57248136,"C16H19O5, C17H19O7, C18H19O9, C19H19O11, C19H21O12, C19H23O13"
969,3920994,"C16H19O5, C17H19O7, C18H19O9, C18H21O10, C18H23O11"
970,45931644,"C16H19O5, C17H19O7, C18H19O9, C18H21O10, C19H21O12, C19H23O13"
971,56826,"C16H19O5, C17H19O7, C18H19O9, C19H23O10"
972,63180,"C16H19O5, C17H19O7, C17H21O8, C17H23O9, C17H25O10"
973,124740,"C16H19O5, C17H19O7, C17H21O8, C17H23O9, C18H23O11"
974,956340,"C16H19O5, C17H19O7, C17H21O8, C18H21O10, C18H23O11"
975,11202840,"C16H19O5, C17H19O7, C17H21O8, C18H21O10, C19H21O12, C19H23O13"
976,9,"C15H7O9, C15H9O10"
977,10,"C15H21O7, C16H21O9, C17H21O11"
978,1,"C15H7O8, C15H9O9, C16H9O11"
979,9,"C17H19O8, C18H19O10"
980,7,"C15H15O7, C16H15O9, C16H17O10"
981,31,"C14H13O9, C14H15O10, C15H15O12"
982,4,"C13H15O6, C13H17O7, C14H17O9, C15H17O11"
983,4,"C13H15O6, C13H17O7, C13H19O8"
984,4,"C18H13O8, C19H13O10, C19H15O11"
985,4,"C18H13O8, C19H13O10, C20H13O12"
986,4,"C18H13O8, C18H15O9, C19H15O11"
987,11,"C15H21O6, C16H21O8"
988,4,"C17H17O8, C17H19O9, C17H21O10"
989,11,"C19H19O10, C19H21O11, C19H23O12"
990,7,"C15H11O7, C15H13O8, C16H13O10, C17H13O12"
991,21,"C15H11O7, C16H11O9, C16H13O10, C17H13O12"
992,11,"C15H11O7, C16H11O9, C17H11O11, C17H13O12"
993,21,"C15H11O7, C16H11O9, C17H15O10"
994,29,"C19H15O9, C20H15O11, C20H17O12"
995,29,"C19H15O9, C20H15O11, C21H15O13"
996,10,"C19H15O9, C19H17O10, C20H17O12, C20H19O13"
997,1,"C16H19O6, C16H21O7, C17H21O9, C17H23O10"
998,1,"C16H19O6, C16H21O7, C17H21O9, C18H21O11, C19H21O13"
999,1,"C16H19O6, C16H21O7, C16H23O8, C17H23O10"
1000,1,"C16H19O6, C17H19O8, C18H19O10, C19H19O12, C19H21O13"
1001,1,"C16H19O6, C17H19O8, C18H19O10, C18H21O11, C19H21O13"
1002,1,"C16H19O6, C17H19O8, C17H21O9, C17H23O10"
1003,1,"C16H19O6, C17H19O8, C17H21O9, C18H21O11, C19H21O13"
1004,10,"C15H11O7, C16H11O9, C17H11O11, C17H13O12, C18H13O14"
1005,10,"C15H11O7, C16H11O9, C17H11O11, C18H11O13, C18H13O14"
1006,10,"C15H11O7, C15H13O8, C16H13O10, C17H13O12, C17H15O13"
1007,10,"C15H11O7, C15H13O8, C16H13O10, C16H15O11"
1008,6525,"C17H23O5, C18H23O7, C19H23O9, C20H23O11, C20H25O12"
1009,1131,"C17H23O5, C18H23O7, C19H23O9, C19H25O10, C20H25O12"
1010,13,"C17H23O5, C18H23O7, C18H25O8, C19H25O10, C20H25O12"
1011,7,"C16H15O7, C17H15O9, C18H15O11, C19H15O13"
1012,34,"C16H9O8, C17H9O10, C18H9O12"
1013,41,"C16H9O8, C17H9O10, C18H13O11"
1014,15,"C16H9O8, C17H9O10, C17H11O11"
1015,3,"C19H9O10, C19H11O11, C20H11O13"
1016,6,"C21H27O9, C22H27O11"
1017,4,"C18H13O8, C18H15O9, C19H15O11, C19H17O12"
1018,10,"C18H13O8, C18H15O9, C19H15O11, C20H15O13"
1019,32,"C18H13O8, C19H13O10, C20H13O12, C20H15O13"
1020,20,"C18H13O8, C19H13O10, C19H15O11, C20H15O13"
1021,5,"C19H15O9, C20H19O10"
1022,17,"C19H15O9, C19H17O10, C20H17O12"
1023,2,"C14H7O6, C15H7O8, C15H9O9, C16H9O11"
1024,2,"C14H7O6, C15H7O8, C16H7O10, C16H9O11"
1025,2,"C19H25O7, C19H27O8, C20H27O10"
1026,8,"C19H25O7, C20H25O9, C21H25O11"
1027,2,"C19H25O7, C20H25O9, C20H27O10"
1028,7,"C14H11O7, C15H15O8"
1029,752,"C18H25O7, C19H25O9, C19H27O10"
1030,246,"C18H25O7, C19H25O9, C20H25O11"
1031,129,"C17H25O7, C18H25O9, C19H25O11"
1032,162,"C11H13O7, C12H13O9"
1033,2,"C11H13O7, C11H15O8"
1034,5,"C18H9O10, C18H11O11"
1035,12,"C18H15O8, C18H17O9, C19H17O11, C20H17O13"
1036,9,"C18H15O8, C18H17O9, C19H17O11, C19H19O12"
1037,60,"C18H15O8, C19H15O10, C19H17O11, C20H17O13"
1038,45,"C18H15O8, C19H15O10, C19H17O11, C19H19O12"
1039,1,"C20H15O9, C20H17O10, C21H17O12"
1040,1,"C17H23O8, C18H23O10"
1041,40,"C20H27O8, C21H27O10, C21H29O11"
1042,14,"C17H9O9, C17H11O10, C18H11O12"
1043,9,"C17H9O9, C18H9O11"
1044,13,"C20H23O9, C20H25O10, C20H27O11"
1045,18,"C15H15O11, C15H17O12"
1046,2,"C20H25O8, C21H25O10"
1047,15,"C20H19O10, C20H21O11, C20H23O12"
1048,21,"C19H19O8, C20H19O10, C21H19O12"
1049,13,"C19H19O8, C20H19O10, C20H21O11"
1050,12,"C19H19O8, C19H21O9, C19H23O10"
1051,9,"C19H19O8, C19H21O9, C20H21O11"
1052,5,"C16H17O7, C16H19O8"
1053,18,"C16H9O8, C16H11O9, C17H11O11, C17H13O12"
1054,1,"C21H19O9, C22H19O11, C22H21O12"
1055,2,"C15H9O7, C15H11O8, C16H11O10, C17H11O12"
1056,8,"C17H15O8, C18H15O10, C19H15O12"
1057,9,"C12H7O8, C12H9O9"
1058,740,"C14H13O6, C15H13O8, C15H15O9, C15H17O10, C16H17O12"
1059,940,"C14H13O6, C15H13O8, C15H15O9, C16H15O11, C16H17O12"
1060,4736,"C14H13O6, C15H13O8, C16H13O10, C17H13O12, C17H15O13"
1061,512,"C14H13O6, C15H13O8, C16H13O10, C16H15O11"
1062,270,"C14H13O6, C14H15O7, C15H15O9, C16H15O11, C16H17O12"
1063,55,"C14H13O6, C14H15O7, C15H15O9, C16H19O10"
1064,770,"C14H13O6, C14H15O7, C15H15O9, C15H17O10, C15H19O11"
1065,195,"C14H13O6, C14H15O7, C15H15O9, C15H17O10, C16H17O12"
1066,28,"C14H13O6, C14H15O7, C14H17O8, C15H17O10, C15H19O11"
1067,4,"C14H13O6, C14H15O7, C14H17O8, C15H17O10, C16H17O12"
1068,6,"C21H27O8, C22H27O10"
1069,33534,"C12H17O6, C13H17O8, C14H17O10"
1070,360,"C17H19O7, C18H19O9, C18H21O10, C19H21O12, C19H23O13"
1071,540,"C17H19O7, C18H19O9, C19H19O11, C19H21O12, C19H23O13"
1072,72,"C17H19O7, C17H21O8, C18H21O10, C19H21O12, C19H23O13"
1073,78,"C15H19O4, C15H21O5, C16H21O7, C17H21O9, C18H21O11"
1074,24,"C15H19O4, C15H21O5, C16H21O7, C17H21O9, C17H23O10"
1075,4,"C15H19O4, C15H21O5, C16H21O7, C16H23O8, C17H23O10"
1076,1170,"C15H19O4, C16H19O6, C16H21O7, C17H21O9, C18H21O11, C19H21O13"
1077,120,"C15H19O4, C16H19O6, C16H21O7, C17H21O9, C17H23O10"
1078,20,"C15H19O4, C16H19O6, C16H21O7, C16H23O8, C17H23O10"
1079,19800,"C15H19O4, C16H19O6, C17H19O8, C18H19O10, C19H19O12, C19H21O13"
1080,23400,"C15H19O4, C16H19O6, C17H19O8, C18H19O10, C18H21O11, C19H21O13"
1081,11700,"C15H19O4, C16H19O6, C17H19O8, C17H21O9, C18H21O11, C19H21O13"
1082,1200,"C15H19O4, C16H19O6, C17H19O8, C17H21O9, C17H23O10"
1083,21,"C13H19O6, C14H19O8, C15H19O10"
1084,1,"C22H19O9, C23H19O11"
1085,6,"C16H7O10, C16H9O11"
1086,10,"C21H19O10, C22H19O12"
1087,210,"C18H23O7, C19H23O9, C20H23O11, C20H25O12"
1088,812,"C18H23O7, C19H23O9, C19H25O10, C20H25O12"
1089,6,"C18H23O7, C18H25O8, C19H25O10, C20H25O12"
1090,4,"C13H11O6, C13H13O7"
1091,9,"C19H25O8, C20H25O10, C20H27O11"
1092,9,"C19H25O8, C20H25O10, C21H25O12"
1093,9,"C16H21O8, C16H23O9"
1094,4,"C12H9O8, C12H11O9"
1095,13,"C19H9O11, C19H11O12"
1096,3,"C13H11O7, C13H13O8, C13H15O9"
1097,4,"C16H17O8, C17H17O10"
1098,82,"C16H21O8, C16H23O9, C17H23O11"
1099,4,"C19H17O8, C19H19O9, C19H21O10, C20H21O12"
1100,4,"C19H17O8, C19H19O9, C20H19O11, C20H21O12"
1101,2,"C20H21O9, C21H21O11, C21H23O12"
1102,9,"C17H17O7, C18H17O9, C19H17O11, C19H19O12"
1103,6,"C17H17O7, C18H17O9, C18H19O10, C18H21O11"
1104,9,"C17H17O7, C18H17O9, C18H19O10, C19H19O12"
1105,3,"C17H17O7, C17H19O8, C18H19O10, C18H21O11"
1106,4,"C17H17O7, C17H19O8, C18H19O10, C19H19O12"
1107,4,"C11H9O6, C12H9O8, C12H11O9"
1108,6,"C11H9O6, C12H9O8, C13H9O10"
1109,113,"C16H23O5, C17H23O7, C18H23O9"
1110,4,"C13H17O6, C14H17O8, C15H17O10, C15H19O11"
1111,4,"C13H17O6, C14H17O8, C15H17O10, C16H17O12"
1112,6,"C12H9O7, C13H13O8"
1113,1,"C12H17O7, C13H17O9"
1114,3,"C16H21O7, C16H23O8, C17H23O10"
1115,10,"C17H15O7, C18H15O9, C19H15O11, C20H15O13"
1116,9,"C17H15O7, C18H15O9, C19H15O11, C19H17O12"
1117,7,"C17H15O7, C18H15O9, C19H15O11, C20H19O12"
1118,4,"C17H15O7, C18H15O9, C18H17O10, C19H17O12, C19H19O13"
1119,10,"C17H15O7, C18H15O9, C18H17O10, C18H19O11"
1120,4,"C14H19O6, C14H21O7, C15H21O9"
1121,2,"C14H19O6, C15H19O8, C15H21O9"
1122,38,"C14H19O6, C15H19O8, C16H19O10, C17H19O12"
1123,1,"C14H9O6, C14H11O7, C15H11O9, C16H11O11, C17H15O12"
1124,1,"C14H9O6, C14H11O7, C15H11O9, C16H11O11, C16H13O12"
1125,1,"C14H9O6, C14H11O7, C15H11O9, C15H13O10, C16H13O12"
1126,1,"C14H9O6, C14H11O7, C15H11O9, C15H13O10, C15H15O11"
1127,6,"C14H9O6, C15H9O8, C16H9O10, C17H9O12"
1128,2,"C14H9O6, C15H9O8, C16H9O10, C16H11O11"
1129,1,"C14H9O6, C15H9O8, C15H11O9, C16H11O11, C16H13O12"
1130,1,"C18H17O6, C19H17O8, C19H19O9, C19H21O10, C20H21O12, C20H23O13"
1131,5,"C18H17O6, C19H17O8, C19H19O9, C20H19O11, C20H21O12, C20H23O13"
1132,10,"C18H17O6, C19H17O8, C20H17O10, C21H17O12"
1133,5,"C19H11O10, C19H13O11"
1134,3,"C20H13O9, C21H13O11"
1135,2,"C15H17O6, C15H19O7, C15H21O8, C16H21O10"
1136,2,"C15H17O6, C15H19O7, C16H19O9, C16H21O10"
1137,2,"C15H17O6, C15H19O7, C16H19O9, C17H19O11, C18H19O13"
1138,2,"C15H17O6, C15H19O7, C16H19O9, C17H19O11, C17H21O12"
1139,3,"C15H17O6, C16H17O8, C16H19O9, C17H19O11, C17H21O12"
1140,2,"C15H17O6, C16H17O8, C16H19O9, C17H19O11, C18H19O13"
1141,3,"C15H17O6, C16H17O8, C16H19O9, C16H21O10"
1142,2,"C15H17O6, C16H17O8, C17H17O10, C18H17O12, C18H19O13"
1143,3,"C15H17O6, C16H17O8, C17H17O10, C17H19O11, C17H21O12"
1144,2,"C15H17O6, C16H17O8, C17H17O10, C17H19O11, C18H19O13"
1145,3,"C15H17O6, C16H17O8, C17H17O10, C18H21O11"
1146,800,"C17H19O6, C18H19O8, C19H19O10, C19H21O11, C20H21O13"
1147,400,"C17H19O6, C18H19O8, C19H19O10, C19H21O11, C19H23O12"
1148,600,"C17H19O6, C18H19O8, C19H19O10, C20H19O12, C20H21O13"
1149,15,"C17H19O6, C18H19O8, C18H21O9, C18H23O10, C19H23O12"
1150,240,"C17H19O6, C18H19O8, C18H21O9, C19H21O11, C20H21O13"
1151,120,"C17H19O6, C18H19O8, C18H21O9, C19H21O11, C19H23O12"
1152,48,"C17H19O6, C17H21O7, C18H21O9, C19H21O11, C20H21O13"
1153,24,"C17H19O6, C17H21O7, C18H21O9, C19H21O11, C19H23O12"
1154,27,"C17H19O6, C17H21O7, C18H21O9, C18H23O10, C18H25O11"
1155,3,"C17H19O6, C17H21O7, C18H21O9, C18H23O10, C19H23O12"
1156,9,"C17H19O6, C17H21O7, C17H23O8, C18H23O10, C18H25O11"
1157,1,"C17H19O6, C17H21O7, C17H23O8, C18H23O10, C19H23O12"
1158,2,"C22H25O9, C23H25O11"
1159,2,"C22H25O9, C22H27O10"
1160,3,"C14H15O6, C14H17O7, C15H17O9, C15H19O10"
1161,3,"C14H15O6, C14H17O7, C15H17O9, C16H17O11"
1162,3,"C14H15O6, C14H17O7, C14H19O8, C15H19O10"
1163,3,"C14H15O6, C15H15O8, C16H15O10, C16H17O11"
1164,3,"C14H15O6, C15H15O8, C15H17O9, C16H17O11"
1165,2,"C12H9O7, C13H9O9, C13H11O10"
1166,5,"C21H15O9, C22H15O11"
1167,4,"C15H11O6, C15H13O7, C16H13O9, C16H15O10, C17H15O12, C18H15O14"
1168,4,"C15H11O6, C15H13O7, C16H13O9, C16H15O10, C17H15O12, C17H17O13"
1169,8,"C15H11O6, C15H13O7, C16H13O9, C17H13O11, C17H15O12"
1170,12,"C15H11O6, C15H13O7, C16H13O9, C17H13O11, C18H13O13"
1171,2,"C15H11O6, C15H13O7, C16H13O9, C17H17O10, C18H17O12"
1172,24,"C15H11O6, C16H11O8, C16H13O9, C17H13O11, C17H15O12"
1173,36,"C15H11O6, C16H11O8, C16H13O9, C17H13O11, C18H13O13"
1174,72,"C15H11O6, C16H11O8, C17H11O10, C17H13O11, C18H13O13"
1175,48,"C15H11O6, C16H11O8, C17H11O10, C17H13O11, C17H15O12"
1176,60,"C15H11O6, C16H11O8, C17H11O10, C18H11O12"
1177,144,"C15H11O6, C16H11O8, C17H11O10, C18H15O11, C19H15O13"
1178,34,"C12H19O6, C13H19O8"
1179,1,"C16H15O6, C16H17O7, C17H17O9, C17H19O10, C18H19O12, C18H21O13"
1180,1,"C16H15O6, C16H17O7, C17H17O9, C17H19O10, C17H21O11"
1181,1,"C16H15O6, C16H17O7, C17H17O9, C18H17O11, C18H19O12, C18H21O13"
1182,3,"C22H21O8, C23H21O10, C23H23O11"
1183,8,"C19H13O8, C20H13O10, C21H13O12, C21H15O13"
1184,2,"C20H19O8, C20H21O9, C21H21O11, C21H23O12"
1185,4,"C20H19O8, C21H19O10, C22H19O12"
1186,2,"C17H15O7, C18H15O9, C18H17O10, C19H17O12"
1187,9,"C13H15O9, C13H17O10"
1188,5,"C13H11O7, C14H15O8"
1189,2,"C15H13O7, C15H15O8"
1190,2,"C17H13O7, C18H13O9, C19H17O10, C20H17O12"
1191,3,"C17H13O7, C18H13O9, C19H13O11, C19H15O12"
1192,2,"C16H23O7, C17H23O9"
1193,3,"C16H11O9, C17H11O11, C18H11O13, C18H13O14"
1194,3,"C16H11O9, C17H11O11, C17H13O12, C18H13O14"
1195,35,"C17H17O6, C17H19O7, C18H19O9, C19H23O10"
1196,540,"C17H17O6, C17H19O7, C18H19O9, C19H19O11, C19H21O12, C19H23O13"
1197,90,"C17H17O6, C17H19O7, C18H19O9, C19H19O11, C20H19O13"
1198,120,"C17H17O6, C17H19O7, C18H19O9, C18H21O10, C18H23O11"
1199,360,"C17H17O6, C17H19O7, C18H19O9, C18H21O10, C19H21O12, C19H23O13"
1200,6,"C16H15O9, C17H15O11"
1201,1,"C14H13O5, C14H15O6, C15H15O8, C15H17O9, C15H19O10"
1202,1,"C14H13O5, C14H15O6, C15H15O8, C15H17O9, C16H17O11"
1203,1,"C14H13O5, C14H15O6, C15H15O8, C16H19O9, C17H19O11"
1204,1,"C14H13O5, C14H15O6, C15H15O8, C16H15O10, C17H15O12, C17H17O13"
1205,1,"C14H13O5, C14H15O6, C15H15O8, C16H15O10, C17H19O11"
1206,1,"C14H13O5, C14H15O6, C15H15O8, C16H15O10, C16H17O11"
1207,1,"C14H13O5, C14H15O6, C14H17O7, C15H17O9, C15H19O10"
1208,1,"C14H13O5, C14H15O6, C14H17O7, C15H17O9, C16H17O11"
1209,1,"C14H13O5, C15H13O7, C15H15O8, C15H17O9, C16H17O11"
1210,1,"C14H13O5, C15H13O7, C15H15O8, C16H15O10, C17H15O12, C17H17O13"
1211,1,"C14H13O5, C15H13O7, C15H15O8, C16H15O10, C17H15O12, C18H15O14"
1212,1,"C14H13O5, C15H13O7, C15H15O8, C16H15O10, C16H17O11"
1213,1,"C14H13O5, C15H13O7, C16H13O9, C17H17O10, C18H17O12"
1214,1,"C14H13O5, C15H13O7, C16H13O9, C16H15O10, C17H15O12, C18H15O14"
1215,1,"C14H13O5, C15H13O7, C16H13O9, C16H15O10, C17H15O12, C17H17O13"
1216,1,"C14H13O5, C15H13O7, C16H13O9, C17H13O11, C17H15O12"
1217,1,"C14H13O5, C15H13O7, C16H13O9, C17H13O11, C18H13O13"
1218,105,"C17H25O6, C18H25O8, C19H25O10"
1219,136,"C20H21O7, C21H21O9, C22H21O11"
1220,1,"C20H21O7, C20H23O8, C20H25O9, C21H25O11, C21H27O12"
1221,1,"C20H21O7, C20H23O8, C21H23O10, C21H25O11, C21H27O12"
1222,5,"C19H17O8, C19H19O9, C19H21O10"
1223,7,"C16H23O8, C17H23O10"
1224,1,"C11H7O7, C11H9O8"
1225,1,"C11H7O7, C12H7O9, C13H7O11"
1226,70,"C13H19O7, C14H19O9"
1227,6,"C19H13O9, C19H15O10"
1228,6,"C19H13O9, C20H13O11, C21H13O13"
1229,4,"C13H17O7, C14H17O9"
1230,1,"C22H29O9, C22H31O10"
1231,585,"C16H23O6, C17H23O8, C18H23O10"
1232,1,"C21H25O9, C21H27O10, C21H29O11"
1233,1,"C21H25O9, C22H25O11"
1234,10,"C11H9O7, C11H11O8"
1235,15,"C11H9O7, C12H9O9"
1236,289,"C14H17O5, C15H17O7, C16H17O9, C16H19O10, C17H19O12"
1237,577,"C14H17O5, C15H17O7, C16H17O9, C17H17O11, C17H19O12"
1238,2,"C17H23O8, C18H23O10, C19H23O12"
1239,2,"C18H15O9, C18H17O10, C19H17O12, C19H19O13"
1240,2,"C15H17O6, C16H17O8"
1241,1,"C15H19O7, C16H19O9"
1242,216,"C17H13O8, C18H13O10, C19H13O12, C20H17O13"
1243,288,"C17H13O8, C18H13O10, C19H13O12, C19H15O13"
1244,216,"C17H13O8, C18H13O10, C18H15O11, C19H15O13"
1245,2,"C14H9O7, C15H9O9, C15H11O10"
1246,1,"C20H25O8, C21H25O10, C21H27O11"
1247,70,"C20H25O8, C20H27O9, C20H29O10"
1248,2,"C20H25O8, C20H27O9, C21H27O11"
1249,1058,"C15H17O7, C16H17O9, C17H17O11, C18H21O12"
1250,20,"C19H15O8, C20H15O10, C21H15O12, C21H17O13"
1251,3,"C19H15O8, C19H17O9, C20H17O11, C21H17O13"
1252,3,"C19H15O8, C19H17O9, C20H17O11, C20H19O12"
1253,2,"C17H23O6, C18H23O8, C19H23O10"
1254,2,"C17H9O8, C17H11O9, C18H11O11"
1255,2,"C17H9O8, C18H9O10, C18H11O11"
1256,2,"C17H9O8, C18H9O10, C19H9O12"
1257,16,"C18H19O6, C19H19O8, C19H21O9, C20H21O11, C20H23O12"
1258,80,"C18H19O6, C19H19O8, C19H21O9, C19H23O10, C19H25O11, C20H25O13"
1259,40,"C18H19O6, C19H19O8, C19H21O9, C19H23O10, C20H23O12"
1260,42,"C18H19O6, C19H19O8, C20H19O10, C21H19O12"
1261,28,"C18H19O6, C19H19O8, C20H19O10, C20H21O11, C20H23O12"
1262,16,"C18H19O6, C18H21O7, C19H21O9, C20H21O11, C20H23O12"
1263,80,"C18H19O6, C18H21O7, C19H21O9, C19H23O10, C19H25O11, C20H25O13"
1264,40,"C18H19O6, C18H21O7, C19H21O9, C19H23O10, C20H23O12"
1265,10,"C18H19O6, C18H21O7, C18H23O8, C19H23O10, C20H23O12"
1266,20,"C18H19O6, C18H21O7, C18H23O8, C19H23O10, C19H25O11, C20H25O13"
1267,1,"C13H9O6, C14H9O8, C15H9O10, C16H9O12"
1268,1,"C13H9O6, C14H9O8, C15H9O10, C15H11O11"
1269,1,"C13H9O6, C14H9O8, C14H11O9, C15H11O11"
1270,663,"C19H19O7, C19H21O8, C20H21O10, C21H21O12"
1271,4335,"C19H19O7, C19H21O8, C20H21O10, C20H23O11, C20H25O12"
1272,510,"C19H19O7, C19H21O8, C19H23O9, C20H23O11, C20H25O12"
1273,11648,"C19H19O7, C20H19O9, C21H19O11, C21H21O12"
1274,3094,"C19H19O7, C20H19O9, C20H21O10, C21H21O12"
1275,1190,"C19H19O7, C20H19O9, C20H21O10, C20H23O11"
1276,2,"C17H15O8, C17H17O9, C18H17O11"
1277,1,"C17H13O7, C18H13O9, C19H17O10"
1278,2,"C17H13O7, C18H13O9, C19H13O11, C20H13O13"
1279,2,"C17H13O7, C18H13O9, C18H15O10, C19H15O12, C19H17O13"
1280,2,"C17H13O7, C18H13O9, C18H15O10, C18H17O11, C19H17O13"
1281,2,"C17H13O7, C17H15O8, C18H15O10, C18H17O11, C19H17O13"
1282,2,"C17H13O7, C17H15O8, C18H15O10, C19H15O12, C19H17O13"
1283,2,"C12H7O7, C12H9O8"
1284,1,"C20H29O9, C20H31O10"
1285,348,"C17H21O7, C18H21O9, C19H21O11, C20H21O13"
1286,574,"C17H21O7, C18H21O9, C19H21O11, C19H23O12"
1287,951,"C17H21O7, C18H21O9, C18H23O10, C18H25O11"
1288,245,"C17H21O7, C18H21O9, C18H23O10, C19H23O12"
1289,9,"C17H21O7, C17H23O8, C18H23O10, C18H25O11"
1290,1,"C17H21O7, C17H23O8, C18H23O10, C19H23O12"
1291,1,"C20H13O9, C21H13O11, C21H15O12"
1292,1,"C20H13O9, C20H15O10, C21H15O12"
1293,2,"C11H7O6, C12H7O8, C13H7O10"
1294,1,"C11H7O6, C12H7O8, C12H9O9"
1295,9,"C19H17O11, C19H19O12, C19H21O13"
1296,3,"C21H27O9, C21H29O10"
1297,6,"C20H21O9, C20H23O10, C20H25O11"
1298,1,"C20H27O7, C21H27O9"
1299,2,"C15H21O6, C15H23O7"
1300,13,"C15H21O6, C16H21O8, C17H21O10, C18H21O12"
1301,5,"C16H9O8, C16H11O9, C17H11O11, C18H11O13"
1302,1,"C12H7O6, C12H9O7, C13H9O9, C14H9O11"
1303,1,"C12H7O6, C12H9O7, C13H9O9, C13H11O10"
1304,2,"C12H7O6, C13H7O8, C14H7O10"
1305,1,"C12H7O6, C13H7O8, C13H9O9, C14H9O11"
1306,1,"C12H7O6, C13H7O8, C13H9O9, C13H11O10"
1307,1,"C14H13O10, C15H13O12"
1308,1,"C14H7O6, C14H9O7, C15H9O9, C15H11O10"
1309,1,"C14H7O6, C14H9O7, C15H9O9, C16H9O11"
1310,1,"C12H15O7, C12H17O8"
1311,7,"C15H21O6, C16H21O8, C16H23O9, C17H23O11"
1312,2,"C17H13O9, C17H15O10, C18H15O12, C18H17O13"
1313,1,"C15H17O6, C15H19O7, C16H19O9, C17H19O11"
1314,1,"C15H17O6, C15H19O7, C15H21O8"
1315,1,"C15H17O6, C16H17O8, C16H19O9, C17H19O11"
1316,1,"C15H17O6, C16H17O8, C17H21O9"
1317,2,"C15H17O6, C16H17O8, C17H17O10, C18H17O12"
1318,1,"C15H17O6, C16H17O8, C17H17O10, C17H19O11"
1319,3,"C19H27O7, C20H27O9, C21H27O11"
1320,5,"C16H15O7, C17H15O9, C18H15O11, C18H17O12, C18H19O13"
1321,5,"C16H15O7, C17H15O9, C18H19O10, C19H19O12"
1322,5,"C16H15O7, C17H15O9, C17H17O10, C18H17O12, C18H19O13"
1323,5,"C16H15O7, C17H15O9, C17H17O10, C17H19O11, C18H19O13"
1324,5,"C16H15O7, C16H17O8, C17H17O10, C17H19O11, C18H19O13"
1325,4,"C16H15O7, C16H17O8, C17H17O10, C17H19O11, C17H21O12"
1326,5,"C16H15O7, C16H17O8, C17H17O10, C18H17O12, C18H19O13"
1327,5,"C16H15O7, C16H17O8, C16H19O9, C17H19O11, C18H19O13"
1328,4,"C16H15O7, C16H17O8, C16H19O9, C17H19O11, C17H21O12"
1329,31,"C18H23O8, C19H23O10, C20H23O12"
1330,60,"C18H23O8, C19H23O10, C19H25O11, C20H25O13"
1331,12,"C18H23O8, C18H25O9, C19H25O11"
1332,4,"C16H15O9, C16H17O10, C16H19O11"
1333,80,"C11H15O7, C12H15O9"
1334,1680,"C15H9O6, C16H9O8, C16H11O9, C17H11O11, C17H13O12"
1335,2310,"C15H9O6, C16H9O8, C16H11O9, C17H11O11, C18H11O13"
1336,1080,"C15H9O6, C16H9O8, C17H9O10, C18H9O12"
1337,1188,"C15H9O6, C16H9O8, C17H9O10, C18H13O11"
1338,378,"C15H9O6, C16H9O8, C17H9O10, C17H11O11"
1339,2240,"C15H9O6, C15H11O7, C16H11O9, C17H11O11, C17H13O12, C18H13O14"
1340,3080,"C15H9O6, C15H11O7, C16H11O9, C17H11O11, C18H11O13, C18H13O14"
1341,240,"C15H9O6, C15H11O7, C16H11O9, C16H13O10, C17H13O12"
1342,5,"C14H21O6, C15H21O8"
1343,96360,"C19H23O6, C20H23O8, C21H23O10, C21H25O11, C21H27O12"
1344,2640,"C19H23O6, C20H23O8, C20H25O9, C21H25O11, C21H27O12"
1345,160,"C19H23O6, C20H23O8, C20H25O9, C20H27O10, C21H27O12"
1346,1,"C19H21O8, C19H23O9, C20H23O11"
1347,1,"C19H21O8, C19H23O9, C19H25O10"
1348,19,"C17H17O7, C17H19O8, C18H19O10, C18H21O11, C19H21O13"
1349,13,"C17H17O7, C17H19O8, C18H19O10, C19H19O12, C19H21O13"
1350,19,"C17H17O7, C17H19O8, C17H21O9, C18H21O11, C19H21O13"
1351,13,"C17H17O7, C18H17O9, C18H19O10, C19H19O12, C19H21O13"
1352,19,"C17H17O7, C18H17O9, C18H19O10, C18H21O11, C19H21O13"
1353,1,"C17H13O7, C18H13O9, C19H13O11"
1354,1,"C17H13O7, C18H13O9, C18H15O10, C18H17O11"
1355,3,"C19H21O6, C20H21O8, C20H23O9, C20H25O10, C21H25O12"
1356,3,"C19H21O6, C20H21O8, C20H23O9, C21H23O11, C21H25O12"
1357,2,"C19H21O6, C20H21O8, C21H21O10, C22H21O12"
1358,3,"C19H21O6, C20H21O8, C21H21O10, C21H23O11, C21H25O12"
1359,24,"C21H23O9, C22H23O11"
1360,2,"C13H13O6, C14H13O8, C15H17O9, C16H17O11"
1361,1,"C16H17O5, C17H17O7, C18H17O9, C19H17O11, C19H19O12, C19H21O13"
1362,1,"C16H17O5, C17H17O7, C18H17O9, C19H17O11, C20H17O13"
1363,1,"C16H17O5, C17H17O7, C18H17O9, C18H19O10, C19H19O12, C19H21O13"
1364,1,"C16H17O5, C17H17O7, C18H17O9, C18H19O10, C18H21O11, C19H21O13"
1365,1,"C16H17O5, C17H17O7, C18H17O9, C19H21O10"
1366,1,"C16H17O5, C17H17O7, C17H19O8, C17H21O9, C18H21O11, C19H21O13"
1367,1,"C16H17O5, C17H17O7, C17H19O8, C18H19O10, C19H19O12, C19H21O13"
1368,1,"C16H17O5, C17H17O7, C17H19O8, C18H19O10, C18H21O11, C19H21O13"
1369,1,"C16H17O5, C16H19O6, C16H21O7, C17H21O9, C18H21O11, C19H21O13"
1370,1,"C16H17O5, C16H19O6, C16H21O7, C17H21O9, C17H23O10"
1371,1,"C16H17O5, C16H19O6, C17H19O8, C18H19O10, C19H19O12, C19H21O13"
1372,1,"C16H17O5, C16H19O6, C17H19O8, C18H19O10, C18H21O11, C19H21O13"
1373,1,"C16H17O5, C16H19O6, C17H19O8, C17H21O9, C17H23O10"
1374,1,"C16H17O5, C16H19O6, C17H19O8, C17H21O9, C18H21O11, C19H21O13"
1375,4,"C20H23O9, C20H25O10, C21H25O12"
1376,12,"C12H11O6, C12H13O7, C13H13O9, C13H15O10"
1377,3,"C12H11O6, C12H13O7, C12H15O8, C13H15O10"
1378,140,"C12H11O6, C13H11O8, C14H11O10, C15H11O12"
1379,112,"C12H11O6, C13H11O8, C14H11O10, C14H13O11"
1380,16,"C12H11O6, C13H11O8, C13H13O9, C13H15O10"
1381,705,"C15H17O7, C16H17O9, C17H17O11, C18H17O13"
1382,952,"C15H17O7, C16H17O9, C16H19O10, C16H21O11"
1383,238,"C15H17O7, C15H19O8, C16H19O10, C16H21O11"
1384,340,"C15H17O7, C15H19O8, C15H21O9, C16H21O11"
1385,30,"C20H25O7, C21H25O9, C22H25O11"
1386,1,"C20H25O7, C21H25O9, C21H27O10"
1387,1,"C20H25O7, C20H27O8, C21H27O10"
1388,47,"C20H21O6, C21H21O8, C22H21O10"
1389,4,"C16H11O6, C17H11O8, C18H11O10, C18H13O11, C19H13O13"
1390,2,"C16H11O6, C17H11O8, C18H11O10, C19H11O12, C19H13O13"
1391,1,"C23H27O8, C23H29O9"
1392,1,"C23H27O8, C24H27O10"
1393,52,"C18H25O6, C19H25O8, C20H25O10"
1394,1,"C18H25O6, C19H25O8, C19H27O9"
1395,6,"C18H21O6, C18H23O7, C18H25O8, C19H25O10, C20H25O12"
1396,812,"C18H21O6, C18H23O7, C19H23O9, C19H25O10, C20H25O12"
1397,210,"C18H21O6, C18H23O7, C19H23O9, C20H23O11, C20H25O12"
1398,726,"C18H21O6, C19H21O8, C20H21O10, C21H21O12"
1399,615,"C18H21O6, C19H21O8, C20H21O10, C21H25O11"
1400,4407,"C18H21O6, C19H21O8, C20H21O10, C20H23O11, C20H25O12"
1401,2376,"C18H21O6, C19H21O8, C19H23O9, C19H25O10, C20H25O12"
1402,550,"C18H21O6, C19H21O8, C19H23O9, C20H23O11, C20H25O12"
1403,448,"C14H17O5, C15H17O7, C16H17O9, C17H17O11, C18H17O13"
1404,256,"C14H17O5, C15H17O7, C16H17O9, C17H17O11, C18H21O12"
1405,160,"C14H17O5, C15H17O7, C16H17O9, C16H19O10, C16H21O11"
1406,40,"C14H17O5, C15H17O7, C15H19O8, C16H19O10, C16H21O11"
1407,72,"C14H17O5, C15H17O7, C15H19O8, C16H19O10, C17H19O12"
1408,20,"C14H17O5, C15H17O7, C15H19O8, C15H21O9, C16H21O11"
1409,7,"C14H15O5, C15H15O7, C15H17O8, C16H17O10, C17H17O12"
1410,15,"C14H15O5, C15H15O7, C16H15O9, C17H19O10"
1411,19,"C14H15O5, C15H15O7, C16H15O9, C16H17O10, C17H17O12"
1412,103,"C14H15O5, C15H15O7, C16H15O9, C17H15O11, C18H15O13"
1413,83,"C14H15O5, C15H15O7, C16H15O9, C17H15O11, C17H17O12"
1414,12,"C20H21O8, C20H23O9, C21H23O11"
1415,4,"C20H21O8, C20H23O9, C20H25O10"
1416,9,"C20H21O8, C21H21O10, C21H23O11"
1417,6,"C20H21O8, C21H21O10, C22H21O12"
1418,20,"C20H25O7, C21H25O9, C21H27O10, C21H29O11"
1419,20,"C20H25O7, C20H27O8, C21H27O10, C21H29O11"
1420,1,"C10H7O7, C11H7O9"
1421,175,"C14H15O7, C15H15O9, C15H17O10, C16H17O12"
1422,200,"C14H15O7, C15H15O9, C16H15O11, C16H17O12"
1423,3,"C18H17O7, C19H17O9, C20H17O11"
1424,3,"C18H17O7, C19H17O9, C19H19O10"
1425,1,"C18H11O8, C18H13O9, C19H13O11, C20H13O13"
1426,1,"C18H11O8, C19H11O10, C19H13O11, C20H13O13"
1427,72,"C16H13O6, C17H13O8, C18H13O10, C18H15O11, C19H15O13"
1428,72,"C16H13O6, C17H13O8, C18H13O10, C19H13O12, C19H15O13"
1429,72,"C16H13O6, C17H13O8, C18H13O10, C19H13O12, C20H17O13"
1430,48,"C16H13O6, C17H13O8, C17H15O9, C18H15O11, C19H15O13, C19H17O14"
1431,48,"C16H13O6, C17H13O8, C17H15O9, C18H15O11, C18H17O12"
1432,12,"C16H13O6, C17H13O8, C17H15O9, C17H17O10, C18H17O12"
1433,4,"C19H17O8, C19H19O9, C20H19O11"
1434,2,"C20H19O8, C20H21O9, C21H21O11"
1435,2,"C19H23O7, C20H23O9, C21H23O11"
1436,2,"C19H23O7, C20H23O9, C20H25O10"
1437,1,"C15H17O6, C16H17O8, C17H21O9, C18H21O11"
1438,1,"C15H17O5, C15H19O6, C16H19O8, C17H19O10, C18H19O12"
1439,1,"C15H17O5, C15H19O6, C16H19O8, C17H19O10, C17H21O11"
1440,1,"C15H17O5, C15H19O6, C16H19O8, C16H21O9, C17H21O11"
1441,1,"C15H17O5, C15H19O6, C15H21O7, C16H21O9, C17H21O11"
1442,1,"C15H17O5, C16H17O7, C17H17O9, C18H17O11, C18H19O12, C18H21O13"
1443,1,"C15H17O5, C16H17O7, C17H17O9, C18H17O11, C19H17O13"
1444,1,"C15H17O5, C16H17O7, C17H17O9, C18H17O11, C19H21O12"
1445,1,"C15H17O5, C16H17O7, C17H17O9, C17H19O10, C18H19O12, C18H21O13"
1446,1,"C15H17O5, C16H17O7, C17H17O9, C17H19O10, C17H21O11"
1447,1,"C15H17O5, C16H17O7, C16H19O8, C16H21O9, C17H21O11"
1448,1,"C15H17O5, C16H17O7, C16H19O8, C17H19O10, C18H19O12"
1449,1,"C15H17O5, C16H17O7, C16H19O8, C17H19O10, C17H21O11"
1450,2,"C21H27O8, C22H27O10, C22H29O11"
1451,20,"C17H23O6, C18H23O8, C19H23O10, C19H25O11"
1452,4,"C17H23O6, C18H23O8, C18H25O9, C19H25O11"
1453,78,"C15H21O5, C16H21O7, C17H21O9, C18H21O11"
1454,24,"C15H21O5, C16H21O7, C17H21O9, C17H23O10"
1455,4,"C15H21O5, C16H21O7, C16H23O8, C17H23O10"
1456,480,"C15H17O4, C16H17O6, C16H19O7, C17H19O9, C18H19O11, C18H21O12"
1457,48,"C15H17O4, C16H17O6, C16H19O7, C17H19O9, C17H21O10, C18H21O12"
1458,14,"C15H17O4, C16H17O6, C16H19O7, C16H21O8, C16H23O9, C17H23O11"
1459,12,"C15H17O4, C16H17O6, C16H19O7, C16H21O8, C17H21O10, C18H21O12"
1460,2250,"C15H17O4, C16H17O6, C17H17O8, C18H17O10, C19H17O12, C19H19O13"
1461,3000,"C15H17O4, C16H17O6, C17H17O8, C18H17O10, C18H19O11, C18H21O12"
1462,1200,"C15H17O4, C16H17O6, C17H17O8, C17H19O9, C18H19O11, C18H21O12"
1463,120,"C15H17O4, C16H17O6, C17H17O8, C17H19O9, C17H21O10, C18H21O12"
1464,2,"C15H17O9, C16H17O11, C16H19O12"
1465,155,"C11H11O7, C12H11O9"
1466,3,"C11H11O7, C11H13O8"
1467,4,"C14H15O5, C15H15O7, C15H17O8, C15H19O9, C16H19O11"
1468,4,"C14H15O5, C15H15O7, C15H17O8, C16H17O10, C16H19O11"
1469,2,"C14H15O5, C15H15O7, C15H17O8, C16H17O10, C17H21O11"
1470,13,"C14H15O5, C15H15O7, C16H15O9, C16H17O10, C16H19O11"
1471,4,"C14H15O5, C14H17O6, C15H17O8, C16H17O10, C16H19O11"
1472,2,"C14H15O5, C14H17O6, C15H17O8, C16H17O10, C17H21O11"
1473,5,"C14H15O5, C14H17O6, C15H17O8, C16H17O10, C17H17O12"
1474,4,"C14H15O5, C14H17O6, C15H17O8, C15H19O9, C16H19O11"
1475,4,"C14H15O5, C14H17O6, C14H19O7, C14H21O8"
1476,4,"C14H15O5, C14H17O6, C14H19O7, C15H19O9, C16H19O11"
1477,8,"C18H25O7, C19H25O9"
1478,1,"C20H15O8, C21H15O10, C22H15O12"
1479,3,"C17H19O7, C18H19O9"
1480,1539,"C18H17O8, C18H19O9, C18H21O10, C19H21O12, C19H23O13"
1481,3,"C18H19O8, C18H21O9, C19H21O11, C19H23O12"
1482,3,"C18H19O8, C18H21O9, C19H21O11, C20H21O13"
1483,3,"C18H19O8, C18H21O9, C18H23O10, C19H23O12"
1484,1878,"C19H25O6, C20H25O8, C20H27O9, C20H29O10"
1485,6,"C19H25O6, C20H25O8, C20H27O9, C21H27O11"
1486,2,"C19H25O6, C20H25O8, C21H25O10, C21H27O11"
1487,90,"C15H21O4, C16H21O6, C16H23O7, C17H23O9, C18H23O11"
1488,1120,"C15H21O4, C16H21O6, C17H21O8, C18H21O10, C18H23O11"
1489,720,"C15H21O4, C16H21O6, C17H21O8, C17H23O9, C18H23O11"
1490,6,"C14H21O5, C15H21O7, C16H21O9"
1491,2,"C14H15O5, C15H15O7, C16H15O9"
1492,20,"C14H17O5, C14H19O6, C15H19O8, C16H19O10, C16H21O11"
1493,36,"C14H17O5, C14H19O6, C15H19O8, C16H19O10, C17H19O12"
1494,10,"C14H17O5, C14H19O6, C15H19O8, C15H21O9, C16H21O11"
1495,2,"C14H17O5, C14H19O6, C14H21O7, C15H21O9"
1496,1,"C17H17O7, C17H19O8, C17H21O9, C18H21O11"
1497,275128,"C15H13O5, C16H13O7, C17H13O9, C17H15O10, C18H15O12, C18H17O13"
1498,240737,"C15H13O5, C16H13O7, C17H13O9, C17H15O10, C18H15O12, C19H15O14"
1499,552279,"C15H13O5, C16H13O7, C17H13O9, C18H13O11, C18H15O12, C19H15O14"
1500,552279,"C15H13O5, C16H13O7, C17H13O9, C18H13O11, C19H13O13, C19H15O14"
1501,30345,"C15H13O5, C16H13O7, C17H13O9, C18H17O10, C19H17O12"
1502,70805,"C15H13O5, C16H13O7, C16H15O8, C17H15O10, C18H15O12, C19H15O14"
1503,80920,"C15H13O5, C16H13O7, C16H15O8, C17H15O10, C18H15O12, C18H17O13"
1504,9520,"C15H13O5, C16H13O7, C16H15O8, C17H15O10, C18H19O11"
1505,163625,"C15H13O5, C16H13O7, C16H15O8, C17H15O10, C17H17O11, C17H19O12"
1506,52360,"C15H13O5, C16H13O7, C16H15O8, C17H15O10, C17H17O11, C18H17O13"
1507,1360,"C15H13O5, C15H15O6, C16H15O8, C17H15O10, C18H19O11"
1508,23375,"C15H13O5, C15H15O6, C16H15O8, C17H15O10, C17H17O11, C17H19O12"
1509,7480,"C15H13O5, C15H15O6, C16H15O8, C17H15O10, C17H17O11, C18H17O13"
1510,11560,"C15H13O5, C15H15O6, C16H15O8, C17H15O10, C18H15O12, C18H17O13"
1511,10115,"C15H13O5, C15H15O6, C16H15O8, C17H15O10, C18H15O12, C19H15O14"
1512,3500,"C15H13O5, C15H15O6, C16H15O8, C16H17O9, C16H19O10, C17H19O12"
1513,5500,"C15H13O5, C15H15O6, C16H15O8, C16H17O9, C17H17O11, C17H19O12"
1514,2640,"C15H13O5, C15H15O6, C16H15O8, C16H17O9, C17H17O11, C18H21O12"
1515,1760,"C15H13O5, C15H15O6, C16H15O8, C16H17O9, C17H17O11, C18H17O13"
1516,1,"C16H23O7, C17H23O9, C18H23O11"
1517,5525,"C12H15O5, C13H15O7, C13H17O8, C14H17O10"
1518,30821,"C12H15O5, C13H15O7, C14H15O9, C15H15O11"
1519,10829,"C12H15O5, C13H15O7, C14H15O9, C14H17O10"
1520,216,"C20H23O7, C21H23O9, C22H23O11"
1521,8,"C20H23O7, C21H23O9, C21H25O10, C21H27O11"
1522,70,"C20H23O7, C20H25O8, C20H27O9, C20H29O10"
1523,2,"C20H23O7, C20H25O8, C20H27O9, C21H27O11"
1524,1,"C20H23O7, C20H25O8, C21H25O10, C21H27O11"
1525,1,"C19H27O6, C20H27O8, C21H27O10"
1526,3,"C21H17O9, C22H17O11"
1527,1,"C14H15O6, C15H15O8, C16H15O10, C17H15O12"
1528,48,"C17H13O8, C17H15O9, C18H15O11, C19H15O13, C19H17O14"
1529,48,"C17H13O8, C17H15O9, C18H15O11, C18H17O12"
1530,1,"C13H11O7, C14H11O9, C15H11O11"
1531,2,"C15H15O6, C16H15O8, C17H15O10, C18H15O12, C19H15O14"
1532,2,"C15H15O6, C16H15O8, C17H15O10, C18H15O12, C18H17O13"
1533,2,"C15H15O6, C16H15O8, C17H15O10, C18H19O11"
1534,2,"C15H15O6, C16H15O8, C17H15O10, C17H17O11, C18H17O13"
1535,2,"C15H15O6, C16H15O8, C17H15O10, C17H17O11, C17H19O12"
1536,2,"C15H15O6, C16H15O8, C16H17O9, C16H19O10, C17H19O12"
1537,2,"C15H15O6, C16H15O8, C16H17O9, C17H17O11, C17H19O12"
1538,2,"C15H15O6, C16H15O8, C16H17O9, C17H17O11, C18H21O12"
1539,2,"C15H15O6, C16H15O8, C16H17O9, C17H17O11, C18H17O13"
1540,1,"C15H19O5, C15H21O6, C16H21O8, C16H23O9"
1541,1,"C15H19O5, C16H19O7, C16H21O8, C16H23O9"
1542,1,"C16H17O6, C16H19O7, C17H19O9, C18H19O11, C18H21O12"
1543,1,"C16H17O6, C17H17O8, C17H19O9, C18H19O11, C18H21O12"
1544,1,"C16H17O6, C17H17O8, C18H17O10, C19H17O12, C19H19O13"
1545,1,"C16H17O6, C17H17O8, C18H17O10, C18H19O11, C18H21O12"
1546,1,"C15H17O8, C16H21O9, C17H21O11"
1547,1,"C14H13O8, C15H17O9, C16H17O11"
1548,1,"C14H13O8, C14H15O9, C14H17O10"
1549,1,"C15H15O5, C16H15O7, C17H15O9, C18H15O11, C19H15O13"
1550,1,"C15H15O5, C16H15O7, C17H15O9, C18H15O11, C18H17O12, C18H19O13"
1551,1,"C15H15O5, C16H15O7, C17H15O9, C18H19O10, C19H19O12"
1552,1,"C15H15O5, C16H15O7, C17H15O9, C17H17O10, C18H17O12, C18H19O13"
1553,1,"C15H15O5, C16H15O7, C17H15O9, C17H17O10, C17H19O11, C18H19O13"
1554,1,"C15H15O5, C16H15O7, C16H17O8, C16H19O9, C17H19O11, C17H21O12"
1555,1,"C15H15O5, C16H15O7, C16H17O8, C16H19O9, C17H19O11, C18H19O13"
1556,1,"C15H15O5, C16H15O7, C16H17O8, C17H17O10, C17H19O11, C17H21O12"
1557,1,"C15H15O5, C16H15O7, C16H17O8, C17H17O10, C17H19O11, C18H19O13"
1558,1,"C15H15O5, C16H15O7, C16H17O8, C17H17O10, C18H17O12, C18H19O13"
1559,1,"C15H15O5, C15H17O6, C15H19O7, C16H19O9, C16H21O10"
1560,1,"C15H15O5, C15H17O6, C15H19O7, C16H19O9, C17H19O11, C18H19O13"
1561,1,"C15H15O5, C15H17O6, C15H19O7, C16H19O9, C17H19O11, C17H21O12"
1562,1,"C15H15O5, C15H17O6, C16H17O8, C16H19O9, C17H19O11, C17H21O12"
1563,1,"C15H15O5, C15H17O6, C16H17O8, C16H19O9, C17H19O11, C18H19O13"
1564,1,"C15H15O5, C15H17O6, C16H17O8, C16H19O9, C16H21O10"
1565,1,"C15H15O5, C15H17O6, C16H17O8, C17H17O10, C17H19O11, C17H21O12"
1566,1,"C15H15O5, C15H17O6, C16H17O8, C17H17O10, C17H19O11, C18H19O13"
1567,1,"C15H15O5, C15H17O6, C16H17O8, C17H17O10, C18H17O12, C18H19O13"
1568,1,"C15H15O5, C15H17O6, C16H17O8, C17H17O10, C18H21O11"
1569,720,"C14H19O5, C15H19O7, C16H19O9, C17H19O11, C17H21O12"
1570,100,"C14H19O5, C15H19O7, C16H19O9, C16H21O10"
1571,50,"C14H19O5, C15H19O7, C15H21O8, C16H21O10"
1572,25,"C14H19O5, C14H21O6, C15H21O8, C16H21O10"
1573,1,"C20H25O9, C20H27O10"
1574,1,"C18H21O7, C19H21O9, C19H23O10"
1575,720,"C18H23O6, C19H23O8, C19H25O9, C19H27O10"
1576,72,"C18H23O6, C19H23O8, C19H25O9, C20H25O11"
1577,495,"C18H23O6, C19H23O8, C20H23O10, C21H23O12"
1578,99,"C18H23O6, C19H23O8, C20H23O10, C20H25O11"
1579,80,"C18H23O6, C18H25O7, C19H25O9, C19H27O10"
1580,8,"C18H23O6, C18H25O7, C19H25O9, C20H25O11"
1581,2,"C13H11O7, C13H13O8, C14H13O10"
1582,2,"C12H5O7, C12H7O8, C13H7O10"
1583,1,"C21H29O7, C22H29O9"
1584,936,"C18H15O7, C19H15O9, C20H15O11, C21H15O13"
1585,1008,"C18H15O7, C19H15O9, C20H15O11, C21H19O12"
1586,720,"C18H15O7, C19H15O9, C20H15O11, C20H17O12"
1587,9720,"C18H15O7, C19H15O9, C19H17O10, C20H17O12, C20H19O13"
1588,1176,"C18H15O7, C19H15O9, C20H19O10, C21H19O12"
1589,1,"C21H23O9, C21H25O10"
1590,1,"C22H13O10, C22H15O11"
1591,1,"C21H27O10, C21H29O11"
1592,3,"C18H21O8, C18H23O9, C19H23O11, C19H25O12"
1593,1,"C19H21O7, C20H21O9, C21H21O11"
1594,23800,"C19H21O7, C20H21O9, C20H23O10, C20H25O11"
1595,25200,"C19H21O7, C20H21O9, C20H23O10, C21H23O12"
1596,24192,"C19H21O7, C20H21O9, C21H21O11, C21H23O12"
1597,30600,"C19H21O7, C19H23O8, C20H23O10, C20H25O11, C20H27O12"
1598,900,"C19H21O7, C19H23O8, C20H23O10, C21H23O12"
1599,24192,"C19H21O7, C19H23O8, C19H25O9, C19H27O10, C20H27O12"
1600,8568,"C19H21O7, C19H23O8, C19H25O9, C20H25O11, C20H27O12"
1601,1,"C13H13O7, C14H13O9"
1602,1,"C20H23O8, C21H23O10, C21H25O11"
1603,15,"C18H11O8, C19H11O10"
1604,1,"C23H25O8, C24H25O10"
1605,1311114,"C17H19O5, C18H19O7, C19H19O9, C19H21O10, C20H21O12, C20H23O13"
1606,6597864,"C17H19O5, C18H19O7, C19H19O9, C19H21O10, C19H23O11, C19H25O12"
1607,1099644,"C17H19O5, C18H19O7, C19H19O9, C19H21O10, C19H23O11, C20H23O13"
1608,1533756,"C17H19O5, C18H19O7, C19H19O9, C20H19O11, C20H21O12, C20H23O13"
1609,115010,"C17H19O5, C18H19O7, C18H21O8, C19H21O10, C20H21O12, C20H23O13"
1610,96460,"C17H19O5, C18H19O7, C18H21O8, C19H21O10, C19H23O11, C20H23O13"
1611,578760,"C17H19O5, C18H19O7, C18H21O8, C19H21O10, C19H23O11, C19H25O12"
1612,54600,"C17H19O5, C18H19O7, C18H21O8, C18H23O9, C19H23O11, C19H25O12"
1613,9100,"C17H19O5, C18H19O7, C18H21O8, C18H23O9, C19H23O11, C20H23O13"
1614,650,"C17H19O5, C18H19O7, C18H21O8, C18H23O9, C18H25O10"
1615,39,"C11H15O6, C12H15O8, C13H15O10"
1616,48,"C15H15O7, C16H15O9, C16H17O10, C16H19O11"
1617,2,"C19H25O8, C19H27O9, C20H27O11"
1618,4,"C14H7O7, C15H7O9, C15H9O10, C16H9O12"
1619,2,"C14H7O7, C14H9O8, C15H9O10, C16H9O12, C16H11O13"
1620,20,"C14H19O6, C15H19O8, C16H19O10, C16H21O11"
1621,10,"C14H19O6, C15H19O8, C15H21O9, C16H21O11"
1622,1,"C20H27O8, C21H27O10"
1623,24,"C17H15O6, C17H17O7, C18H17O9, C19H17O11, C19H19O12, C19H21O13"
1624,4,"C17H15O6, C17H17O7, C18H17O9, C19H17O11, C20H17O13"
1625,9,"C17H15O6, C17H17O7, C18H17O9, C18H19O10, C18H21O11, C19H21O13"
1626,6,"C17H15O6, C17H17O7, C18H17O9, C18H19O10, C19H19O12, C19H21O13"
1627,24,"C17H15O6, C18H15O8, C19H15O10, C19H17O11, C19H19O12"
1628,12,"C17H15O6, C18H15O8, C19H15O10, C19H17O11, C20H17O13"
1629,24,"C17H15O6, C18H15O8, C19H19O9, C20H19O11"
1630,8,"C17H15O6, C18H15O8, C18H17O9, C19H17O11, C19H19O12"
1631,4,"C17H15O6, C18H15O8, C18H17O9, C19H17O11, C20H17O13"
1632,2,"C17H15O6, C18H15O8, C18H17O9, C18H19O10, C19H19O12"
1633,36158,"C12H15O6, C13H15O8, C14H15O10"
1634,3030,"C12H15O6, C13H15O8, C13H17O9"
1635,30,"C12H15O6, C12H17O7, C13H17O9"
1636,6,"C21H23O7, C22H23O9, C23H23O11"
1637,411264,"C12H13O5, C13H13O7, C14H13O9, C15H13O11, C16H13O13"
1638,133056,"C12H13O5, C13H13O7, C14H13O9, C15H13O11, C15H15O12"
1639,79002,"C12H13O5, C13H13O7, C14H13O9, C14H15O10, C15H15O12"
1640,5054,"C12H13O5, C13H13O7, C13H15O8, C14H15O10"
1641,1596,"C12H13O5, C13H13O7, C13H15O8, C13H17O9"
1642,1,"C22H25O8, C23H25O10"
1643,1,"C13H7O8, C13H9O9, C14H9O11"
1644,585,"C19H17O7, C20H17O9, C20H19O10, C21H19O12"
1645,715,"C19H17O7, C20H17O9, C21H17O11, C21H19O12"
1646,1,"C12H11O5, C13H11O7, C13H13O8, C14H13O10, C15H13O12"
1647,1,"C12H11O5, C13H11O7, C13H13O8, C13H15O9"
1648,1,"C12H11O5, C13H11O7, C14H11O9, C15H11O11, C15H13O12"
1649,1,"C12H11O5, C13H11O7, C14H11O9, C15H11O11, C16H11O13"
1650,1,"C12H11O5, C13H11O7, C14H11O9, C14H13O10, C15H13O12"
1651,1,"C22H23O8, C23H23O10, C23H25O11"
1652,8,"C20H17O8, C21H17O10, C22H17O12"
1653,1,"C16H13O7, C16H15O8"
1654,4,"C16H13O7, C17H13O9, C18H13O11, C19H13O13, C19H15O14"
1655,4,"C16H13O7, C17H13O9, C18H13O11, C18H15O12, C19H15O14"
1656,1,"C16H13O7, C17H13O9, C18H17O10, C19H17O12"
1657,1,"C17H15O7, C18H15O9, C19H15O11"
1658,2,"C18H17O7, C19H17O9, C19H19O10, C19H21O11, C20H21O13"
1659,2,"C18H17O7, C19H17O9, C19H19O10, C20H19O12, C20H21O13"
1660,3,"C18H17O7, C19H17O9, C20H17O11, C20H19O12, C20H21O13"
1661,3,"C18H17O7, C19H17O9, C20H17O11, C21H17O13"
